{"type":"FeatureCollection","features":[{"type":"Feature","properties":{"code":"01","name":"北海道","name_en":"Hokkaido"},"geometry":{"type":"MultiPolygon","coordinates":[[[[140.865,42.009],[140.821,42.034],[140.802,42.077],[140.767,42.097],[140.762,42.114],[140.705,42.137],[140.689,42.126],[140.654,42.128],[140.579,42.108],[140.514,42.129],[140.388,42.222],[140.348,42.225],[140.296,42.244],[140.276,42.279],[140.277,42.321],[140.294,42.375],[140.329,42.442],[140.399,42.532],[140.476,42.589],[140.537,42.587],[140.582,42.567],[140.638,42.585],[140.695,42.587],[140.759,42.551],[140.773,42.52],[140.881,42.45],[140.902,42.415],[140.908,42.38],[140.951,42.345],[140.944,42.319],[141.002,42.301],[141.013,42.322],[141.054,42.352],[141.077,42.382],[141.156,42.44],[141.206,42.453],[141.34,42.537],[141.418,42.575],[141.529,42.613],[141.624,42.63],[141.759,42.621],[141.799,42.602],[141.81,42.611],[141.877,42.587],[142.027,42.485],[142.194,42.448],[142.277,42.376],[142.407,42.309],[142.439,42.306],[142.476,42.274],[142.585,42.243],[142.67,42.192],[142.761,42.174],[142.814,42.142],[142.966,42.118],[143.009,42.083],[143.134,42.028],[143.164,41.983],[143.215,41.951],[143.244,41.966],[143.259,42.004],[143.312,42.054],[143.308,42.08],[143.336,42.202],[143.319,42.213],[143.308,42.244],[143.327,42.313],[143.444,42.489],[143.632,42.67],[143.929,42.88],[144.039,42.938],[144.163,42.983],[144.274,43.004],[144.372,42.986],[144.375,42.967],[144.45,42.944],[144.63,42.951],[144.675,42.939],[144.782,42.934],[144.722,42.979],[144.73,43.001],[144.777,43.051],[144.803,43.059],[144.854,43.049],[144.838,43.024],[144.881,42.985],[144.926,42.99],[144.974,42.982],[145.024,43.001],[145.03,43.028],[145.086,43.045],[145.087,43.064],[145.116,43.084],[145.11,43.103],[145.122,43.132],[145.169,43.15],[145.202,43.136],[145.297,43.173],[145.425,43.187],[145.477,43.188],[145.503,43.174],[145.529,43.186],[145.568,43.278],[145.596,43.284],[145.61,43.31],[145.755,43.339],[145.801,43.362],[145.786,43.386],[145.756,43.399],[145.721,43.383],[145.651,43.391],[145.623,43.363],[145.532,43.312],[145.493,43.267],[145.391,43.294],[145.323,43.344],[145.278,43.402],[145.242,43.533],[145.199,43.608],[145.246,43.615],[145.157,43.641],[145.069,43.748],[145.061,43.806],[145.081,43.819],[145.099,43.861],[145.094,43.89],[145.155,43.983],[145.223,44.037],[145.245,44.068],[145.24,44.089],[145.264,44.138],[145.329,44.191],[145.348,44.223],[145.347,44.241],[145.366,44.264],[145.338,44.341],[145.314,44.333],[145.306,44.312],[145.225,44.248],[145.191,44.195],[145.009,44.094],[145.007,44.081],[144.915,44.008],[144.849,43.974],[144.83,43.949],[144.796,43.932],[144.662,43.917],[144.554,43.921],[144.363,43.956],[144.3,43.981],[144.289,44.018],[144.255,44.039],[144.25,44.109],[144.205,44.102],[144.099,44.126],[143.913,44.15],[143.559,44.253],[143.411,44.309],[143.365,44.337],[143.34,44.372],[143.234,44.422],[143.214,44.441],[142.994,44.558],[142.893,44.652],[142.738,44.761],[142.675,44.836],[142.66,44.84],[142.633,44.888],[142.586,44.922],[142.578,44.962],[142.545,44.986],[142.532,45.027],[142.508,45.04],[142.504,45.06],[142.482,45.061],[142.407,45.121],[142.166,45.342],[142.05,45.402],[142.019,45.454],[141.97,45.483],[141.961,45.51],[141.937,45.523],[141.893,45.509],[141.879,45.495],[141.878,45.461],[141.838,45.422],[141.796,45.407],[141.707,45.397],[141.677,45.411],[141.648,45.449],[141.634,45.421],[141.638,45.391],[141.657,45.37],[141.644,45.334],[141.615,45.311],[141.609,45.272],[141.574,45.239],[141.569,45.198],[141.591,45.147],[141.698,44.97],[141.763,44.808],[141.792,44.643],[141.787,44.587],[141.767,44.556],[141.761,44.472],[141.747,44.433],[141.662,44.316],[141.647,44.312],[141.658,44.242],[141.653,44.142],[141.662,44.023],[141.627,43.921],[141.582,43.873],[141.537,43.852],[141.51,43.855],[141.494,43.836],[141.458,43.836],[141.382,43.802],[141.362,43.761],[141.337,43.737],[141.331,43.708],[141.352,43.641],[141.383,43.605],[141.385,43.583],[141.359,43.519],[141.429,43.417],[141.423,43.328],[141.29,43.199],[141.292,43.185],[141.262,43.184],[141.162,43.144],[141.023,43.185],[141.016,43.239],[140.979,43.239],[140.918,43.223],[140.914,43.211],[140.815,43.194],[140.776,43.203],[140.777,43.224],[140.646,43.263],[140.63,43.295],[140.579,43.31],[140.526,43.359],[140.483,43.376],[140.459,43.344],[140.424,43.329],[140.36,43.332],[140.355,43.302],[140.336,43.282],[140.325,43.221],[140.359,43.18],[140.422,43.146],[140.465,43.089],[140.495,43.065],[140.513,43.031],[140.529,43.028],[140.519,42.989],[140.416,42.942],[140.347,42.858],[140.309,42.831],[140.304,42.777],[140.246,42.768],[140.238,42.792],[140.205,42.809],[140.173,42.806],[140.144,42.755],[140.069,42.723],[140.063,42.704],[140.03,42.688],[139.925,42.688],[139.868,42.666],[139.823,42.613],[139.853,42.466],[139.836,42.406],[139.796,42.356],[139.781,42.353],[139.767,42.302],[139.786,42.275],[139.775,42.262],[139.8,42.229],[139.881,42.208],[139.922,42.135],[139.992,42.128],[140.024,42.115],[140.057,42.083],[140.119,42.004],[140.141,41.914],[140.123,41.825],[140.109,41.805],[140.073,41.799],[140.067,41.76],[140.008,41.691],[139.982,41.6],[139.991,41.543],[140.027,41.462],[140.075,41.424],[140.128,41.431],[140.159,41.422],[140.181,41.404],[140.205,41.405],[140.258,41.48],[140.374,41.516],[140.409,41.517],[140.433,41.542],[140.435,41.659],[140.462,41.697],[140.519,41.702],[140.602,41.743],[140.623,41.805],[140.655,41.821],[140.682,41.821],[140.71,41.809],[140.724,41.774],[140.693,41.764],[140.704,41.74],[140.738,41.768],[140.79,41.773],[140.927,41.738],[140.968,41.71],[141.007,41.715],[141.075,41.743],[141.108,41.784],[141.156,41.785],[141.187,41.809],[141.146,41.832],[141.134,41.858],[141.078,41.886],[141.02,41.892],[140.961,41.915],[140.909,41.983],[140.865,42.009]]],[[[139.341,41.525],[139.34,41.495],[139.383,41.508],[139.376,41.523],[139.341,41.525]]],[[[140.967,45.464],[140.994,45.42],[140.983,45.383],[141.027,45.296],[141.057,45.319],[141.057,45.409],[141.067,45.423],[141.049,45.451],[141.013,45.433],[140.985,45.444],[140.967,45.464]]],[[[145.888,43.462],[145.901,43.423],[145.95,43.423],[145.928,43.449],[145.888,43.462]]],[[[146.135,43.549],[146.084,43.534],[146.073,43.521],[146.125,43.462],[146.188,43.484],[146.178,43.502],[146.197,43.528],[146.135,43.549]]],[[[146.312,43.651],[146.308,43.621],[146.357,43.618],[146.352,43.638],[146.312,43.651]]],[[[148.343,45.291],[148.166,45.259],[148.07,45.259],[148.029,45.271],[147.962,45.413],[147.925,45.438],[147.877,45.407],[147.849,45.367],[147.857,45.321],[147.872,45.296],[147.866,45.265],[147.882,45.251],[147.854,45.211],[147.827,45.217],[147.779,45.209],[147.766,45.195],[147.735,45.194],[147.692,45.133],[147.69,45.095],[147.638,45.075],[147.591,45.083],[147.551,45.11],[147.532,45.085],[147.512,45.025],[147.517,44.997],[147.453,44.972],[147.383,44.911],[147.273,44.873],[147.245,44.81],[147.193,44.797],[147.17,44.819],[147.133,44.83],[147.107,44.822],[147.101,44.801],[147.113,44.779],[147.14,44.768],[147.19,44.765],[147.2,44.742],[147.179,44.688],[147.13,44.652],[147.074,44.637],[147.061,44.654],[147.033,44.639],[147.026,44.599],[146.992,44.575],[146.935,44.606],[146.932,44.58],[146.954,44.556],[146.921,44.524],[146.897,44.52],[146.876,44.5],[146.859,44.455],[146.865,44.443],[146.947,44.426],[146.983,44.445],[147.028,44.518],[147.075,44.556],[147.109,44.569],[147.154,44.56],[147.208,44.573],[147.251,44.6],[147.265,44.637],[147.336,44.715],[147.36,44.722],[147.385,44.746],[147.462,44.78],[147.486,44.781],[147.516,44.813],[147.55,44.816],[147.597,44.853],[147.64,44.914],[147.611,44.94],[147.617,44.961],[147.654,44.994],[147.686,45.005],[147.726,45.003],[147.743,44.966],[147.785,44.948],[147.851,44.965],[147.904,44.961],[147.935,44.988],[147.981,45.002],[148.1,45.113],[148.264,45.189],[148.295,45.212],[148.402,45.232],[148.442,45.253],[148.501,45.261],[148.574,45.317],[148.622,45.331],[148.74,45.338],[148.777,45.323],[148.8,45.335],[148.842,45.337],[148.876,45.388],[148.852,45.419],[148.829,45.428],[148.832,45.459],[148.891,45.487],[148.89,45.518],[148.857,45.54],[148.765,45.555],[148.652,45.537],[148.639,45.509],[148.607,45.491],[148.578,45.489],[148.557,45.458],[148.521,45.447],[148.486,45.421],[148.445,45.353],[148.352,45.307],[148.343,45.291]]],[[[139.56,42.249],[139.537,42.233],[139.436,42.216],[139.407,42.178],[139.423,42.136],[139.418,42.115],[139.426,42.071],[139.45,42.061],[139.496,42.083],[139.52,42.138],[139.517,42.176],[139.561,42.229],[139.56,42.249]]],[[[141.246,45.101],[141.286,45.115],[141.329,45.149],[141.325,45.184],[141.304,45.215],[141.189,45.257],[141.132,45.213],[141.141,45.162],[141.205,45.114],[141.246,45.101]]],[[[146.832,43.887],[146.822,43.867],[146.774,43.876],[146.722,43.837],[146.61,43.82],[146.585,43.803],[146.63,43.721],[146.676,43.707],[146.683,43.733],[146.702,43.747],[146.782,43.757],[146.798,43.787],[146.832,43.805],[146.892,43.811],[146.895,43.847],[146.864,43.875],[146.832,43.887]]],[[[145.891,44.094],[145.906,44.121],[145.945,44.153],[146.042,44.184],[146.069,44.234],[146.105,44.259],[146.296,44.276],[146.361,44.32],[146.389,44.359],[146.453,44.377],[146.491,44.354],[146.534,44.38],[146.551,44.427],[146.338,44.417],[146.24,44.455],[146.226,44.482],[146.159,44.512],[146.129,44.508],[146.082,44.474],[146.051,44.418],[146.006,44.38],[146.0,44.336],[145.947,44.279],[145.886,44.248],[145.855,44.202],[145.744,44.104],[145.747,44.064],[145.736,44.047],[145.678,44.026],[145.594,43.968],[145.59,43.952],[145.473,43.899],[145.441,43.851],[145.407,43.842],[145.426,43.78],[145.418,43.752],[145.433,43.721],[145.491,43.733],[145.551,43.731],[145.535,43.671],[145.554,43.67],[145.575,43.841],[145.638,43.902],[145.721,43.914],[145.789,43.949],[145.791,43.979],[145.811,44.013],[145.832,44.031],[145.855,44.029],[145.891,44.094]]]]}},{"type":"Feature","properties":{"code":"02","name":"青森県","name_en":"Aomori"},"geometry":{"type":"MultiPolygon","coordinates":[[[[140.661,40.948],[140.632,41.101],[140.644,41.172],[140.632,41.192],[140.594,41.216],[140.555,41.224],[140.527,41.221],[140.491,41.186],[140.449,41.189],[140.397,41.235],[140.342,41.249],[140.329,41.219],[140.334,41.18],[140.322,41.148],[140.288,41.119],[140.319,41.093],[140.319,41.0],[140.299,40.906],[140.25,40.8],[140.228,40.782],[140.192,40.783],[140.116,40.741],[140.065,40.767],[139.997,40.743],[139.979,40.703],[139.936,40.655],[139.902,40.645],[139.861,40.616],[139.869,40.584],[139.918,40.586],[139.94,40.553],[139.95,40.494],[139.939,40.429],[140.001,40.433],[140.038,40.461],[140.068,40.469],[140.1,40.453],[140.108,40.436],[140.18,40.441],[140.22,40.431],[140.299,40.446],[140.335,40.439],[140.348,40.468],[140.387,40.487],[140.406,40.475],[140.437,40.478],[140.444,40.451],[140.478,40.453],[140.532,40.411],[140.59,40.436],[140.624,40.425],[140.645,40.403],[140.676,40.413],[140.688,40.427],[140.716,40.428],[140.763,40.451],[140.808,40.458],[140.811,40.487],[140.845,40.507],[140.88,40.51],[140.861,40.441],[140.892,40.423],[140.985,40.427],[140.995,40.355],[140.969,40.337],[140.946,40.258],[140.98,40.22],[141.026,40.222],[141.076,40.253],[141.11,40.261],[141.1,40.28],[141.159,40.305],[141.198,40.308],[141.248,40.341],[141.292,40.352],[141.317,40.373],[141.351,40.331],[141.393,40.361],[141.407,40.357],[141.442,40.376],[141.48,40.376],[141.515,40.354],[141.554,40.359],[141.581,40.374],[141.595,40.412],[141.631,40.42],[141.683,40.45],[141.576,40.543],[141.535,40.527],[141.503,40.543],[141.463,40.603],[141.417,40.743],[141.387,40.924],[141.386,41.016],[141.398,41.1],[141.388,41.154],[141.405,41.239],[141.442,41.357],[141.459,41.379],[141.457,41.425],[141.404,41.384],[141.297,41.35],[141.247,41.361],[141.193,41.387],[141.116,41.456],[141.058,41.483],[141.003,41.486],[140.937,41.529],[140.897,41.526],[140.91,41.504],[140.828,41.39],[140.816,41.338],[140.799,41.321],[140.796,41.279],[140.78,41.253],[140.778,41.21],[140.764,41.195],[140.764,41.148],[140.783,41.131],[140.811,41.128],[140.833,41.15],[140.917,41.176],[140.945,41.174],[140.983,41.199],[141.058,41.183],[141.074,41.201],[141.144,41.234],[141.138,41.247],[141.16,41.278],[141.198,41.272],[141.26,41.206],[141.276,41.151],[141.242,41.083],[141.237,41.022],[141.221,40.971],[141.19,40.918],[141.149,40.879],[141.103,40.872],[141.064,40.913],[140.998,40.937],[140.982,40.961],[140.939,40.995],[140.88,41.008],[140.859,40.956],[140.87,40.915],[140.859,40.904],[140.86,40.889],[140.802,40.839],[140.738,40.83],[140.692,40.86],[140.661,40.948]]]]}},{"type":"Feature","properties":{"code":"03","name":"岩手県","name_en":"Iwate"},"geometry":{"type":"MultiPolygon","coordinates":[[[[141.979,39.831],[141.979,39.864],[141.94,39.92],[141.96,39.947],[141.948,39.989],[141.935,40.01],[141.9,40.015],[141.879,40.047],[141.833,40.075],[141.826,40.101],[141.843,40.131],[141.876,40.143],[141.86,40.164],[141.804,40.183],[141.807,40.215],[141.832,40.234],[141.816,40.272],[141.775,40.32],[141.771,40.345],[141.683,40.45],[141.631,40.42],[141.595,40.412],[141.581,40.374],[141.554,40.359],[141.515,40.354],[141.48,40.376],[141.442,40.376],[141.407,40.357],[141.393,40.361],[141.351,40.331],[141.317,40.373],[141.292,40.352],[141.248,40.341],[141.198,40.308],[141.159,40.305],[141.1,40.28],[141.11,40.261],[141.076,40.253],[141.026,40.222],[140.98,40.22],[140.955,40.248],[140.942,40.229],[140.905,40.222],[140.892,40.192],[140.859,40.172],[140.883,40.154],[140.867,40.131],[140.877,40.098],[140.844,40.075],[140.855,40.047],[140.848,39.959],[140.878,39.874],[140.843,39.871],[140.829,39.885],[140.8,39.882],[140.782,39.868],[140.787,39.823],[140.842,39.805],[140.848,39.793],[140.798,39.741],[140.794,39.71],[140.823,39.688],[140.82,39.653],[140.795,39.603],[140.782,39.604],[140.754,39.571],[140.73,39.566],[140.737,39.521],[140.714,39.499],[140.716,39.479],[140.677,39.448],[140.681,39.418],[140.656,39.389],[140.703,39.344],[140.694,39.3],[140.717,39.297],[140.718,39.273],[140.789,39.238],[140.765,39.198],[140.808,39.178],[140.774,39.168],[140.75,39.14],[140.77,39.124],[140.753,39.086],[140.8,39.077],[140.805,39.052],[140.764,39.0],[140.774,38.958],[140.824,38.964],[140.876,38.931],[140.91,38.927],[140.962,38.906],[140.984,38.876],[141.092,38.887],[141.139,38.877],[141.147,38.856],[141.103,38.831],[141.157,38.783],[141.181,38.785],[141.206,38.769],[141.216,38.748],[141.257,38.762],[141.269,38.793],[141.305,38.793],[141.353,38.812],[141.415,38.786],[141.41,38.768],[141.432,38.783],[141.437,38.813],[141.464,38.853],[141.451,38.875],[141.489,38.907],[141.484,38.978],[141.492,38.999],[141.523,38.991],[141.567,38.996],[141.632,38.971],[141.622,38.994],[141.64,39.007],[141.678,39.001],[141.666,38.982],[141.689,38.965],[141.723,38.963],[141.714,38.987],[141.744,38.996],[141.723,39.019],[141.853,39.029],[141.818,39.049],[141.825,39.075],[141.81,39.102],[141.86,39.104],[141.879,39.09],[141.918,39.105],[141.842,39.153],[141.887,39.156],[141.921,39.182],[141.893,39.2],[141.949,39.228],[141.938,39.248],[141.913,39.241],[141.899,39.258],[141.926,39.285],[141.903,39.309],[141.97,39.313],[141.983,39.339],[141.939,39.329],[141.915,39.346],[141.957,39.356],[141.938,39.385],[141.953,39.399],[142.031,39.416],[142.039,39.447],[142.06,39.469],[142.036,39.482],[141.98,39.439],[141.956,39.475],[141.993,39.483],[142.033,39.529],[142.072,39.545],[142.058,39.574],[142.034,39.574],[142.023,39.614],[142.028,39.647],[141.981,39.645],[141.971,39.662],[141.985,39.687],[141.972,39.701],[141.997,39.773],[141.979,39.831]]]]}},{"type":"Feature","properties":{"code":"04","name":"宮城県","name_en":"Miyagi"},"geometry":{"type":"MultiPolygon","coordinates":[[[[140.563,38.377],[140.522,38.35],[140.531,38.325],[140.52,38.31],[140.493,38.303],[140.497,38.283],[140.473,38.272],[140.469,38.228],[140.48,38.182],[140.417,38.103],[140.418,38.08],[140.375,38.057],[140.277,38.056],[140.277,38.029],[140.29,38.007],[140.28,37.977],[140.349,37.95],[140.409,37.964],[140.475,37.947],[140.47,37.918],[140.488,37.9],[140.575,37.914],[140.619,37.913],[140.627,37.899],[140.66,37.901],[140.689,37.889],[140.693,37.857],[140.68,37.837],[140.694,37.803],[140.775,37.782],[140.775,37.806],[140.852,37.795],[140.856,37.891],[140.898,37.903],[140.931,37.896],[140.915,37.994],[140.941,38.132],[140.96,38.175],[141.029,38.282],[141.04,38.273],[141.085,38.293],[141.076,38.32],[141.036,38.307],[141.052,38.332],[141.036,38.34],[141.059,38.351],[141.062,38.369],[141.088,38.382],[141.126,38.38],[141.132,38.36],[141.159,38.36],[141.174,38.376],[141.248,38.406],[141.357,38.414],[141.367,38.386],[141.402,38.399],[141.437,38.382],[141.424,38.346],[141.448,38.351],[141.49,38.309],[141.528,38.299],[141.541,38.317],[141.534,38.339],[141.502,38.382],[141.506,38.398],[141.474,38.413],[141.466,38.441],[141.502,38.444],[141.487,38.502],[141.546,38.524],[141.534,38.541],[141.486,38.541],[141.488,38.584],[141.525,38.611],[141.528,38.63],[141.477,38.645],[141.443,38.644],[141.458,38.67],[141.517,38.695],[141.528,38.717],[141.558,38.706],[141.566,38.737],[141.53,38.749],[141.513,38.769],[141.52,38.788],[141.597,38.829],[141.584,38.848],[141.605,38.88],[141.651,38.903],[141.632,38.971],[141.567,38.996],[141.523,38.991],[141.492,38.999],[141.484,38.978],[141.489,38.907],[141.451,38.875],[141.464,38.853],[141.437,38.813],[141.432,38.783],[141.41,38.768],[141.415,38.786],[141.353,38.812],[141.305,38.793],[141.269,38.793],[141.257,38.762],[141.216,38.748],[141.206,38.769],[141.181,38.785],[141.157,38.783],[141.103,38.831],[141.147,38.856],[141.139,38.877],[141.092,38.887],[140.984,38.876],[140.962,38.906],[140.91,38.927],[140.876,38.931],[140.824,38.964],[140.732,38.949],[140.707,38.92],[140.686,38.918],[140.671,38.897],[140.645,38.889],[140.61,38.892],[140.562,38.873],[140.547,38.889],[140.539,38.871],[140.599,38.826],[140.604,38.784],[140.636,38.762],[140.607,38.703],[140.624,38.691],[140.602,38.641],[140.59,38.634],[140.547,38.65],[140.538,38.634],[140.57,38.594],[140.579,38.568],[140.554,38.541],[140.574,38.495],[140.598,38.487],[140.62,38.455],[140.586,38.441],[140.563,38.377]]],[[[141.585,38.276],[141.589,38.299],[141.568,38.309],[141.558,38.282],[141.585,38.276]]]]}},{"type":"Feature","properties":{"code":"05","name":"秋田県","name_en":"Akita"},"geometry":{"type":"MultiPolygon","coordinates":[[[[140.06,39.598],[140.045,39.499],[139.997,39.342],[139.966,39.295],[139.931,39.289],[139.91,39.259],[139.915,39.249],[139.893,39.204],[139.905,39.182],[139.885,39.134],[139.87,39.118],[139.948,39.117],[139.994,39.106],[140.008,39.123],[140.062,39.133],[140.062,39.093],[140.103,39.083],[140.151,39.049],[140.201,39.06],[140.201,39.036],[140.228,39.027],[140.262,39.035],[140.311,39.014],[140.329,39.035],[140.361,39.024],[140.375,38.996],[140.432,38.992],[140.451,38.972],[140.45,38.946],[140.462,38.92],[140.494,38.899],[140.535,38.901],[140.562,38.873],[140.61,38.892],[140.645,38.889],[140.671,38.897],[140.686,38.918],[140.707,38.92],[140.732,38.949],[140.774,38.958],[140.764,39.0],[140.805,39.052],[140.8,39.077],[140.753,39.086],[140.77,39.124],[140.75,39.14],[140.774,39.168],[140.808,39.178],[140.765,39.198],[140.789,39.238],[140.718,39.273],[140.717,39.297],[140.694,39.3],[140.703,39.344],[140.656,39.389],[140.681,39.418],[140.677,39.448],[140.716,39.479],[140.714,39.499],[140.737,39.521],[140.73,39.566],[140.754,39.571],[140.782,39.604],[140.795,39.603],[140.82,39.653],[140.823,39.688],[140.794,39.71],[140.798,39.741],[140.848,39.793],[140.842,39.805],[140.787,39.823],[140.782,39.868],[140.8,39.882],[140.829,39.885],[140.843,39.871],[140.878,39.874],[140.848,39.959],[140.855,40.047],[140.844,40.075],[140.877,40.098],[140.867,40.131],[140.883,40.154],[140.859,40.172],[140.892,40.192],[140.905,40.222],[140.942,40.229],[140.955,40.248],[140.946,40.258],[140.969,40.337],[140.995,40.355],[140.985,40.427],[140.892,40.423],[140.861,40.441],[140.88,40.51],[140.845,40.507],[140.811,40.487],[140.808,40.458],[140.763,40.451],[140.716,40.428],[140.688,40.427],[140.676,40.413],[140.645,40.403],[140.624,40.425],[140.59,40.436],[140.532,40.411],[140.478,40.453],[140.444,40.451],[140.437,40.478],[140.406,40.475],[140.387,40.487],[140.348,40.468],[140.335,40.439],[140.299,40.446],[140.22,40.431],[140.18,40.441],[140.108,40.436],[140.1,40.453],[140.068,40.469],[140.038,40.461],[140.001,40.433],[139.939,40.429],[139.98,40.388],[140.013,40.372],[140.026,40.339],[140.005,40.224],[139.984,40.184],[139.992,40.176],[139.945,40.073],[139.873,39.989],[139.845,39.971],[139.798,39.957],[139.693,39.996],[139.713,39.919],[139.735,39.905],[139.737,39.881],[139.761,39.862],[139.795,39.868],[139.821,39.859],[139.866,39.898],[139.925,39.9],[139.968,39.88],[140.019,39.831],[140.049,39.774],[140.046,39.75],[140.059,39.721],[140.06,39.598]]]]}},{"type":"Feature","properties":{"code":"06","name":"山形県","name_en":"Yamagata"},"geometry":{"type":"MultiPolygon","coordinates":[[[[139.875,38.317],[139.899,38.293],[139.9,38.276],[139.877,38.262],[139.86,38.231],[139.781,38.194],[139.713,38.207],[139.682,38.17],[139.692,38.113],[139.672,38.077],[139.693,38.057],[139.658,38.037],[139.654,37.997],[139.639,37.984],[139.639,37.935],[139.625,37.918],[139.629,37.894],[139.681,37.847],[139.716,37.854],[139.741,37.82],[139.782,37.832],[139.804,37.806],[139.856,37.826],[139.88,37.81],[139.925,37.814],[139.937,37.828],[139.958,37.815],[139.96,37.796],[139.993,37.759],[140.037,37.768],[140.087,37.758],[140.102,37.738],[140.127,37.734],[140.146,37.753],[140.172,37.756],[140.237,37.746],[140.299,37.808],[140.262,37.834],[140.267,37.918],[140.279,37.934],[140.271,37.967],[140.29,38.007],[140.277,38.029],[140.277,38.056],[140.375,38.057],[140.418,38.08],[140.417,38.103],[140.48,38.182],[140.469,38.228],[140.473,38.272],[140.497,38.283],[140.493,38.303],[140.52,38.31],[140.531,38.325],[140.522,38.35],[140.563,38.377],[140.586,38.441],[140.62,38.455],[140.598,38.487],[140.574,38.495],[140.554,38.541],[140.579,38.568],[140.57,38.594],[140.538,38.634],[140.547,38.65],[140.59,38.634],[140.602,38.641],[140.624,38.691],[140.607,38.703],[140.636,38.762],[140.604,38.784],[140.599,38.826],[140.539,38.871],[140.547,38.889],[140.535,38.901],[140.494,38.899],[140.462,38.92],[140.45,38.946],[140.451,38.972],[140.432,38.992],[140.375,38.996],[140.361,39.024],[140.329,39.035],[140.311,39.014],[140.262,39.035],[140.228,39.027],[140.201,39.036],[140.201,39.06],[140.151,39.049],[140.103,39.083],[140.062,39.093],[140.062,39.133],[140.008,39.123],[139.994,39.106],[139.948,39.117],[139.87,39.118],[139.879,39.097],[139.867,39.052],[139.762,38.8],[139.746,38.775],[139.708,38.75],[139.699,38.731],[139.61,38.669],[139.548,38.553],[139.641,38.511],[139.721,38.496],[139.712,38.472],[139.72,38.451],[139.706,38.408],[139.733,38.371],[139.79,38.349],[139.816,38.356],[139.875,38.317]]]]}},{"type":"Feature","properties":{"code":"07","name":"福島県","name_en":"Fukushima"},"geometry":{"type":"MultiPolygon","coordinates":[[[[140.475,37.947],[140.409,37.964],[140.349,37.95],[140.28,37.977],[140.271,37.967],[140.279,37.934],[140.267,37.918],[140.262,37.834],[140.299,37.808],[140.237,37.746],[140.172,37.756],[140.146,37.753],[140.127,37.734],[140.102,37.738],[140.087,37.758],[140.037,37.768],[139.993,37.759],[139.96,37.796],[139.958,37.815],[139.937,37.828],[139.925,37.814],[139.88,37.81],[139.856,37.826],[139.804,37.806],[139.782,37.832],[139.741,37.82],[139.716,37.854],[139.681,37.847],[139.711,37.854],[139.742,37.818],[139.658,37.755],[139.657,37.741],[139.624,37.708],[139.628,37.692],[139.601,37.669],[139.549,37.649],[139.549,37.61],[139.57,37.58],[139.57,37.539],[139.585,37.513],[139.567,37.502],[139.543,37.512],[139.497,37.513],[139.476,37.503],[139.457,37.518],[139.414,37.508],[139.398,37.46],[139.369,37.465],[139.223,37.449],[139.197,37.411],[139.232,37.387],[139.234,37.344],[139.212,37.286],[139.175,37.256],[139.166,37.232],[139.195,37.204],[139.238,37.188],[139.253,37.161],[139.235,37.114],[139.26,37.043],[139.243,37.015],[139.254,36.99],[139.251,36.962],[139.232,36.941],[139.305,36.926],[139.342,36.928],[139.353,36.916],[139.393,36.911],[139.457,36.954],[139.46,36.97],[139.494,36.968],[139.612,37.014],[139.665,37.041],[139.677,37.057],[139.711,37.068],[139.753,37.071],[139.778,37.089],[139.822,37.085],[139.815,37.116],[139.832,37.134],[139.866,37.147],[139.961,37.153],[140.103,37.121],[140.151,37.094],[140.173,37.07],[140.193,37.066],[140.199,37.028],[140.249,37.026],[140.251,37.009],[140.24,37.0],[140.253,36.963],[140.243,36.943],[140.284,36.935],[140.322,36.908],[140.324,36.893],[140.365,36.884],[140.377,36.838],[140.439,36.82],[140.464,36.792],[140.517,36.827],[140.538,36.859],[140.592,36.873],[140.566,36.916],[140.568,36.937],[140.586,36.945],[140.615,36.905],[140.791,36.859],[140.801,36.894],[140.827,36.913],[140.915,36.936],[140.967,36.97],[140.983,36.995],[140.973,37.023],[140.983,37.089],[140.999,37.111],[141.0,37.184],[141.036,37.373],[141.022,37.664],[141.011,37.688],[141.008,37.75],[140.991,37.768],[140.986,37.824],[140.941,37.862],[140.931,37.896],[140.898,37.903],[140.856,37.891],[140.852,37.795],[140.775,37.806],[140.775,37.782],[140.738,37.787],[140.694,37.803],[140.68,37.837],[140.693,37.857],[140.689,37.889],[140.66,37.901],[140.627,37.899],[140.619,37.913],[140.575,37.914],[140.488,37.9],[140.47,37.918],[140.475,37.947]]]]}},{"type":"Feature","properties":{"code":"08","name":"茨城県","name_en":"Ibaraki"},"geometry":{"type":"MultiPolygon","coordinates":[[[[140.717,36.693],[140.733,36.749],[140.768,36.818],[140.802,36.839],[140.791,36.859],[140.615,36.905],[140.586,36.945],[140.568,36.937],[140.566,36.916],[140.592,36.873],[140.538,36.859],[140.517,36.827],[140.464,36.792],[140.439,36.82],[140.377,36.838],[140.365,36.884],[140.324,36.893],[140.322,36.908],[140.284,36.935],[140.264,36.933],[140.249,36.909],[140.257,36.873],[140.252,36.852],[140.266,36.829],[140.266,36.791],[140.254,36.784],[140.262,36.748],[140.283,36.734],[140.292,36.713],[140.233,36.7],[140.222,36.674],[140.241,36.651],[140.235,36.624],[140.248,36.611],[140.243,36.585],[140.255,36.522],[140.231,36.503],[140.203,36.454],[140.185,36.398],[140.156,36.398],[140.144,36.414],[140.111,36.398],[140.067,36.404],[140.064,36.382],[139.965,36.367],[139.965,36.351],[139.913,36.335],[139.903,36.299],[139.897,36.31],[139.85,36.312],[139.822,36.24],[139.728,36.206],[139.689,36.202],[139.728,36.09],[139.766,36.08],[139.787,36.104],[139.82,36.057],[139.878,36.008],[139.884,35.989],[139.934,35.968],[139.932,35.951],[139.952,35.936],[139.995,35.91],[140.127,35.871],[140.146,35.846],[140.214,35.862],[140.244,35.855],[140.289,35.871],[140.323,35.866],[140.376,35.902],[140.487,35.929],[140.511,35.959],[140.599,35.903],[140.631,35.859],[140.687,35.848],[140.742,35.785],[140.815,35.742],[140.852,35.745],[140.825,35.76],[140.708,35.921],[140.678,35.912],[140.654,35.928],[140.677,35.919],[140.694,35.933],[140.685,35.964],[140.658,35.992],[140.611,36.082],[140.574,36.175],[140.56,36.256],[140.561,36.292],[140.621,36.36],[140.61,36.427],[140.614,36.482],[140.633,36.509],[140.654,36.575],[140.694,36.645],[140.716,36.663],[140.717,36.693]]]]}},{"type":"Feature","properties":{"code":"09","name":"栃木県","name_en":"Tochigi"},"geometry":{"type":"MultiPolygon","coordinates":[[[[139.536,36.282],[139.561,36.267],[139.617,36.274],[139.659,36.231],[139.664,36.207],[139.688,36.2],[139.728,36.206],[139.822,36.24],[139.85,36.312],[139.897,36.31],[139.903,36.299],[139.913,36.335],[139.965,36.351],[139.965,36.367],[140.064,36.382],[140.067,36.404],[140.111,36.398],[140.144,36.414],[140.156,36.398],[140.185,36.398],[140.203,36.454],[140.231,36.503],[140.255,36.522],[140.243,36.585],[140.248,36.611],[140.235,36.624],[140.241,36.651],[140.222,36.674],[140.233,36.7],[140.292,36.713],[140.283,36.734],[140.262,36.748],[140.254,36.784],[140.266,36.791],[140.266,36.829],[140.252,36.852],[140.257,36.873],[140.249,36.909],[140.264,36.933],[140.243,36.943],[140.253,36.963],[140.24,37.0],[140.251,37.009],[140.249,37.026],[140.199,37.028],[140.193,37.066],[140.173,37.07],[140.151,37.094],[140.103,37.121],[139.961,37.153],[139.866,37.147],[139.832,37.134],[139.815,37.116],[139.822,37.085],[139.778,37.089],[139.753,37.071],[139.711,37.068],[139.677,37.057],[139.665,37.041],[139.612,37.014],[139.494,36.968],[139.46,36.97],[139.457,36.954],[139.393,36.911],[139.358,36.872],[139.353,36.849],[139.407,36.827],[139.378,36.804],[139.374,36.784],[139.353,36.774],[139.37,36.745],[139.356,36.707],[139.337,36.692],[139.328,36.633],[139.352,36.615],[139.427,36.601],[139.465,36.606],[139.483,36.578],[139.451,36.55],[139.418,36.495],[139.436,36.466],[139.407,36.446],[139.361,36.384],[139.37,36.366],[139.423,36.332],[139.416,36.316],[139.464,36.272],[139.536,36.282]]]]}},{"type":"Feature","properties":{"code":"10","name":"群馬県","name_en":"Gunma"},"geometry":{"type":"MultiPolygon","coordinates":[[[[139.13,36.283],[139.244,36.245],[139.273,36.249],[139.328,36.24],[139.358,36.253],[139.444,36.197],[139.535,36.193],[139.588,36.21],[139.619,36.19],[139.664,36.207],[139.659,36.231],[139.617,36.274],[139.561,36.267],[139.536,36.282],[139.464,36.272],[139.416,36.316],[139.423,36.332],[139.37,36.366],[139.361,36.384],[139.407,36.446],[139.436,36.466],[139.418,36.495],[139.451,36.55],[139.483,36.578],[139.465,36.606],[139.427,36.601],[139.352,36.615],[139.328,36.633],[139.337,36.692],[139.356,36.707],[139.37,36.745],[139.353,36.774],[139.374,36.784],[139.378,36.804],[139.407,36.827],[139.353,36.849],[139.358,36.872],[139.393,36.911],[139.353,36.916],[139.342,36.928],[139.305,36.926],[139.232,36.941],[139.18,36.965],[139.179,36.991],[139.132,37.026],[139.123,37.047],[139.097,37.059],[139.091,37.02],[139.03,36.984],[138.97,36.981],[138.964,36.953],[138.979,36.891],[138.932,36.894],[138.917,36.87],[138.929,36.833],[138.88,36.825],[138.829,36.795],[138.818,36.762],[138.789,36.745],[138.727,36.764],[138.713,36.739],[138.52,36.692],[138.534,36.666],[138.525,36.651],[138.459,36.635],[138.42,36.577],[138.429,36.556],[138.412,36.541],[138.397,36.491],[138.401,36.435],[138.457,36.42],[138.458,36.412],[138.489,36.401],[138.507,36.414],[138.541,36.403],[138.571,36.42],[138.608,36.423],[138.648,36.407],[138.653,36.303],[138.6,36.278],[138.612,36.229],[138.637,36.204],[138.637,36.175],[138.577,36.168],[138.601,36.136],[138.634,36.134],[138.645,36.12],[138.631,36.091],[138.644,36.05],[138.631,36.028],[138.689,35.992],[138.713,35.985],[138.744,36.01],[138.754,36.035],[138.791,36.029],[138.828,36.037],[138.846,36.067],[138.898,36.091],[138.931,36.088],[138.957,36.106],[138.96,36.124],[138.976,36.117],[139.016,36.134],[139.042,36.128],[139.061,36.152],[139.056,36.181],[139.13,36.283]]]]}},{"type":"Feature","properties":{"code":"11","name":"埼玉県","name_en":"Saitama"},"geometry":{"type":"MultiPolygon","coordinates":[[[[139.328,36.24],[139.273,36.249],[139.244,36.245],[139.13,36.283],[139.056,36.181],[139.061,36.152],[139.042,36.128],[139.016,36.134],[138.976,36.117],[138.96,36.124],[138.957,36.106],[138.931,36.088],[138.898,36.091],[138.846,36.067],[138.828,36.037],[138.791,36.029],[138.754,36.035],[138.744,36.01],[138.713,35.985],[138.711,35.971],[138.739,35.939],[138.729,35.909],[138.789,35.893],[138.814,35.862],[138.845,35.867],[138.892,35.84],[138.911,35.853],[138.944,35.855],[138.954,35.874],[139.024,35.897],[139.05,35.879],[139.135,35.865],[139.192,35.84],[139.282,35.84],[139.316,35.819],[139.33,35.794],[139.369,35.79],[139.392,35.763],[139.497,35.779],[139.542,35.807],[139.543,35.78],[139.516,35.766],[139.545,35.755],[139.594,35.779],[139.625,35.78],[139.646,35.798],[139.697,35.799],[139.738,35.78],[139.768,35.818],[139.792,35.805],[139.821,35.815],[139.847,35.797],[139.894,35.783],[139.889,35.83],[139.899,35.867],[139.814,35.997],[139.807,36.043],[139.776,36.091],[139.766,36.08],[139.728,36.09],[139.688,36.2],[139.664,36.207],[139.619,36.19],[139.588,36.21],[139.535,36.193],[139.444,36.197],[139.358,36.253],[139.328,36.24]]]]}},{"type":"Feature","properties":{"code":"12","name":"千葉県","name_en":"Chiba"},"geometry":{"type":"MultiPolygon","coordinates":[[[[140.115,35.551],[140.092,35.554],[140.061,35.544],[140.012,35.485],[140.023,35.468],[140.007,35.479],[139.966,35.469],[139.949,35.442],[139.922,35.44],[139.897,35.423],[139.907,35.389],[139.888,35.361],[139.846,35.375],[139.852,35.349],[139.823,35.344],[139.812,35.306],[139.853,35.284],[139.864,35.254],[139.867,35.219],[139.824,35.198],[139.818,35.155],[139.839,35.129],[139.822,35.072],[139.833,35.032],[139.858,35.011],[139.855,34.99],[139.829,34.991],[139.753,34.965],[139.816,34.941],[139.825,34.911],[139.846,34.903],[139.908,34.907],[139.942,34.917],[139.961,34.938],[139.961,34.965],[139.98,35.01],[140.038,35.052],[140.075,35.058],[140.099,35.08],[140.105,35.102],[140.134,35.122],[140.152,35.117],[140.19,35.127],[140.212,35.114],[140.258,35.138],[140.286,35.134],[140.297,35.151],[140.325,35.14],[140.347,35.176],[140.385,35.192],[140.405,35.237],[140.4,35.269],[140.414,35.304],[140.398,35.331],[140.397,35.419],[140.43,35.498],[140.526,35.602],[140.665,35.692],[140.761,35.698],[140.831,35.714],[140.863,35.698],[140.866,35.741],[140.815,35.742],[140.742,35.785],[140.687,35.848],[140.631,35.859],[140.599,35.903],[140.511,35.959],[140.487,35.929],[140.376,35.902],[140.323,35.866],[140.289,35.871],[140.244,35.855],[140.214,35.862],[140.146,35.846],[140.127,35.871],[139.995,35.91],[139.952,35.936],[139.932,35.951],[139.934,35.968],[139.884,35.989],[139.878,36.008],[139.82,36.057],[139.787,36.104],[139.776,36.091],[139.807,36.043],[139.814,35.997],[139.899,35.867],[139.889,35.83],[139.894,35.783],[139.879,35.768],[139.899,35.723],[139.916,35.708],[139.909,35.686],[139.886,35.671],[139.874,35.64],[139.898,35.617],[139.939,35.64],[139.918,35.655],[139.963,35.681],[140.002,35.666],[140.084,35.597],[140.099,35.606],[140.111,35.59],[140.115,35.551]]]]}},{"type":"Feature","properties":{"code":"13","name":"東京都","name_en":"Tokyo"},"geometry":{"type":"MultiPolygon","coordinates":[[[[139.79,35.656],[139.874,35.64],[139.886,35.671],[139.909,35.686],[139.916,35.708],[139.899,35.723],[139.879,35.768],[139.894,35.783],[139.847,35.797],[139.821,35.815],[139.792,35.805],[139.768,35.818],[139.738,35.78],[139.697,35.799],[139.646,35.798],[139.625,35.78],[139.594,35.779],[139.545,35.755],[139.516,35.766],[139.543,35.78],[139.542,35.807],[139.497,35.779],[139.392,35.763],[139.369,35.79],[139.33,35.794],[139.316,35.819],[139.282,35.84],[139.192,35.84],[139.135,35.865],[139.05,35.879],[139.024,35.897],[138.954,35.874],[138.944,35.855],[138.984,35.769],[139.023,35.722],[139.072,35.695],[139.106,35.691],[139.131,35.672],[139.162,35.668],[139.179,35.646],[139.216,35.646],[139.22,35.626],[139.252,35.602],[139.269,35.609],[139.361,35.599],[139.409,35.575],[139.458,35.528],[139.468,35.502],[139.485,35.504],[139.487,35.536],[139.47,35.57],[139.507,35.576],[139.449,35.612],[139.464,35.625],[139.495,35.617],[139.515,35.625],[139.525,35.643],[139.643,35.598],[139.703,35.537],[139.726,35.543],[139.809,35.539],[139.785,35.571],[139.759,35.564],[139.747,35.59],[139.765,35.656],[139.79,35.656]]],[[[139.361,34.799],[139.35,34.784],[139.359,34.702],[139.396,34.684],[139.439,34.679],[139.45,34.698],[139.433,34.772],[139.412,34.787],[139.361,34.799]]],[[[142.126,26.714],[142.131,26.689],[142.164,26.663],[142.16,26.701],[142.126,26.714]]],[[[141.323,24.813],[141.287,24.79],[141.295,24.753],[141.346,24.782],[141.323,24.813]]],[[[142.193,27.106],[142.206,27.075],[142.189,27.049],[142.221,27.04],[142.233,27.078],[142.218,27.1],[142.193,27.106]]],[[[139.532,34.125],[139.493,34.12],[139.474,34.078],[139.482,34.051],[139.529,34.047],[139.563,34.069],[139.559,34.111],[139.532,34.125]]],[[[139.604,33.901],[139.578,33.883],[139.579,33.86],[139.621,33.852],[139.632,33.869],[139.604,33.901]]],[[[139.279,34.431],[139.242,34.364],[139.253,34.339],[139.272,34.331],[139.278,34.39],[139.291,34.408],[139.279,34.431]]],[[[139.143,34.244],[139.128,34.221],[139.13,34.185],[139.157,34.205],[139.17,34.231],[139.143,34.244]]],[[[139.76,33.159],[139.739,33.146],[139.758,33.103],[139.779,33.096],[139.78,33.076],[139.82,33.058],[139.857,33.098],[139.845,33.116],[139.817,33.12],[139.796,33.142],[139.76,33.159]]]]}},{"type":"Feature","properties":{"code":"14","name":"神奈川県","name_en":"Kanagawa"},"geometry":{"type":"MultiPolygon","coordinates":[[[[139.711,35.491],[139.788,35.524],[139.768,35.539],[139.703,35.537],[139.655,35.59],[139.562,35.633],[139.525,35.643],[139.515,35.625],[139.495,35.617],[139.464,35.625],[139.449,35.612],[139.507,35.576],[139.47,35.57],[139.487,35.536],[139.485,35.504],[139.468,35.502],[139.458,35.528],[139.409,35.575],[139.361,35.599],[139.269,35.609],[139.252,35.602],[139.22,35.626],[139.216,35.646],[139.179,35.646],[139.162,35.668],[139.131,35.672],[139.117,35.655],[139.134,35.616],[139.128,35.563],[139.112,35.55],[139.114,35.538],[139.086,35.512],[139.046,35.51],[139.028,35.481],[138.989,35.474],[138.937,35.449],[138.916,35.401],[139.002,35.399],[139.019,35.33],[139.005,35.29],[138.975,35.264],[138.976,35.236],[138.988,35.201],[139.027,35.175],[139.03,35.15],[139.111,35.141],[139.137,35.149],[139.148,35.239],[139.208,35.277],[139.33,35.312],[139.438,35.319],[139.552,35.299],[139.57,35.285],[139.578,35.253],[139.6,35.239],[139.616,35.19],[139.615,35.139],[139.669,35.142],[139.655,35.181],[139.693,35.209],[139.725,35.212],[139.74,35.261],[139.691,35.266],[139.674,35.287],[139.642,35.299],[139.632,35.325],[139.657,35.342],[139.646,35.391],[139.629,35.384],[139.642,35.412],[139.67,35.403],[139.691,35.439],[139.636,35.455],[139.633,35.465],[139.667,35.484],[139.711,35.491]]]]}},{"type":"Feature","properties":{"code":"15","name":"新潟県","name_en":"Niigata"},"geometry":{"type":"MultiPolygon","coordinates":[[[[139.132,37.962],[139.066,37.944],[138.892,37.853],[138.816,37.788],[138.748,37.606],[138.715,37.56],[138.66,37.524],[138.618,37.475],[138.588,37.421],[138.544,37.369],[138.418,37.307],[138.285,37.204],[138.232,37.174],[138.152,37.161],[138.102,37.174],[138.049,37.128],[138.005,37.115],[137.912,37.061],[137.635,36.98],[137.687,36.943],[137.711,36.944],[137.72,36.927],[137.713,36.894],[137.732,36.874],[137.732,36.824],[137.754,36.797],[137.762,36.766],[137.82,36.798],[137.878,36.873],[137.862,36.891],[137.875,36.916],[137.92,36.92],[138.014,36.904],[138.031,36.891],[138.017,36.86],[138.02,36.842],[138.003,36.826],[138.034,36.809],[138.068,36.804],[138.089,36.836],[138.115,36.85],[138.163,36.844],[138.213,36.868],[138.268,36.86],[138.275,36.841],[138.296,36.858],[138.296,36.911],[138.318,36.925],[138.343,36.921],[138.394,36.995],[138.455,37.02],[138.525,37.03],[138.566,37.021],[138.588,36.977],[138.585,36.932],[138.596,36.907],[138.621,36.904],[138.623,36.885],[138.688,36.861],[138.681,36.824],[138.696,36.809],[138.67,36.774],[138.688,36.766],[138.696,36.739],[138.713,36.739],[138.727,36.764],[138.789,36.745],[138.818,36.762],[138.829,36.795],[138.88,36.825],[138.929,36.833],[138.917,36.87],[138.932,36.894],[138.979,36.891],[138.964,36.953],[138.97,36.981],[139.03,36.984],[139.091,37.02],[139.097,37.059],[139.123,37.047],[139.132,37.026],[139.179,36.991],[139.18,36.965],[139.232,36.941],[139.251,36.962],[139.254,36.99],[139.243,37.015],[139.26,37.043],[139.235,37.114],[139.253,37.161],[139.238,37.188],[139.195,37.204],[139.166,37.232],[139.175,37.256],[139.212,37.286],[139.234,37.344],[139.232,37.387],[139.197,37.411],[139.223,37.449],[139.369,37.465],[139.398,37.46],[139.414,37.508],[139.457,37.518],[139.476,37.503],[139.497,37.513],[139.543,37.512],[139.567,37.502],[139.585,37.513],[139.57,37.539],[139.57,37.58],[139.549,37.61],[139.549,37.649],[139.601,37.669],[139.628,37.692],[139.624,37.708],[139.657,37.741],[139.658,37.755],[139.742,37.818],[139.711,37.854],[139.681,37.847],[139.629,37.894],[139.625,37.918],[139.639,37.935],[139.639,37.984],[139.654,37.997],[139.658,38.037],[139.693,38.057],[139.672,38.077],[139.692,38.113],[139.682,38.17],[139.713,38.207],[139.781,38.194],[139.86,38.231],[139.877,38.262],[139.9,38.276],[139.899,38.293],[139.816,38.356],[139.79,38.349],[139.733,38.371],[139.706,38.408],[139.72,38.451],[139.712,38.472],[139.721,38.496],[139.641,38.511],[139.548,38.553],[139.55,38.543],[139.455,38.39],[139.449,38.234],[139.409,38.15],[139.314,38.049],[139.226,37.992],[139.233,37.966],[139.215,37.993],[139.132,37.962]]],[[[138.503,38.332],[138.453,38.308],[138.429,38.254],[138.405,38.25],[138.326,38.194],[138.233,38.062],[138.235,37.984],[138.253,37.964],[138.274,38.002],[138.306,38.005],[138.341,37.978],[138.329,37.95],[138.305,37.94],[138.278,37.907],[138.29,37.885],[138.269,37.848],[138.217,37.837],[138.215,37.811],[138.25,37.803],[138.304,37.827],[138.36,37.83],[138.427,37.88],[138.471,37.897],[138.499,37.925],[138.573,38.062],[138.569,38.084],[138.48,38.062],[138.437,38.082],[138.435,38.115],[138.491,38.202],[138.508,38.263],[138.512,38.315],[138.503,38.332]]]]}},{"type":"Feature","properties":{"code":"16","name":"富山県","name_en":"Toyama"},"geometry":{"type":"MultiPolygon","coordinates":[[[[137.704,36.527],[137.685,36.538],[137.688,36.562],[137.753,36.594],[137.747,36.625],[137.761,36.665],[137.75,36.705],[137.762,36.766],[137.754,36.797],[137.732,36.824],[137.732,36.874],[137.713,36.894],[137.72,36.927],[137.711,36.944],[137.687,36.943],[137.635,36.98],[137.491,36.954],[137.426,36.922],[137.41,36.899],[137.419,36.881],[137.393,36.807],[137.382,36.8],[137.316,36.759],[137.243,36.766],[137.18,36.758],[137.122,36.779],[137.092,36.772],[137.017,36.829],[136.985,36.869],[137.033,36.924],[137.027,36.939],[137.052,36.959],[137.038,36.967],[136.986,36.965],[136.928,36.948],[136.886,36.914],[136.886,36.885],[136.849,36.813],[136.845,36.756],[136.79,36.717],[136.813,36.703],[136.823,36.681],[136.786,36.63],[136.788,36.593],[136.817,36.553],[136.795,36.511],[136.803,36.485],[136.795,36.443],[136.778,36.431],[136.806,36.355],[136.784,36.342],[136.792,36.299],[136.827,36.303],[136.842,36.333],[136.837,36.347],[136.89,36.346],[136.907,36.361],[136.955,36.339],[136.971,36.316],[136.958,36.278],[136.975,36.274],[137.052,36.33],[137.058,36.372],[137.095,36.384],[137.112,36.415],[137.16,36.456],[137.213,36.438],[137.278,36.465],[137.317,36.461],[137.32,36.424],[137.358,36.436],[137.361,36.45],[137.395,36.456],[137.41,36.425],[137.461,36.412],[137.474,36.425],[137.512,36.423],[137.54,36.393],[137.587,36.39],[137.609,36.418],[137.633,36.425],[137.655,36.459],[137.652,36.488],[137.669,36.509],[137.704,36.527]]]]}},{"type":"Feature","properties":{"code":"17","name":"石川県","name_en":"Ishikawa"},"geometry":{"type":"MultiPolygon","coordinates":[[[[136.786,36.63],[136.823,36.681],[136.813,36.703],[136.79,36.717],[136.845,36.756],[136.849,36.813],[136.886,36.885],[136.886,36.914],[136.928,36.948],[136.986,36.965],[137.038,36.967],[137.052,36.959],[137.046,37.038],[137.054,37.075],[137.042,37.107],[137.021,37.101],[137.002,37.066],[136.973,37.047],[136.928,37.086],[136.888,37.068],[136.86,37.075],[136.868,37.111],[136.892,37.112],[136.9,37.137],[136.875,37.141],[136.889,37.169],[136.945,37.227],[136.963,37.205],[136.991,37.2],[137.006,37.184],[137.069,37.218],[137.099,37.279],[137.153,37.303],[137.214,37.296],[137.247,37.307],[137.264,37.325],[137.238,37.39],[137.257,37.431],[137.299,37.443],[137.349,37.443],[137.357,37.465],[137.34,37.487],[137.351,37.502],[137.326,37.529],[137.275,37.533],[137.216,37.509],[137.144,37.499],[137.095,37.479],[137.073,37.456],[136.924,37.395],[136.88,37.406],[136.848,37.402],[136.773,37.366],[136.722,37.32],[136.734,37.279],[136.68,37.207],[136.669,37.147],[136.727,37.135],[136.722,37.058],[136.743,37.012],[136.769,36.999],[136.768,36.964],[136.75,36.927],[136.767,36.903],[136.724,36.79],[136.669,36.701],[136.618,36.639],[136.426,36.43],[136.345,36.365],[136.3,36.352],[136.246,36.294],[136.268,36.269],[136.302,36.258],[136.332,36.23],[136.329,36.202],[136.344,36.173],[136.409,36.172],[136.44,36.137],[136.464,36.138],[136.492,36.158],[136.512,36.146],[136.552,36.155],[136.642,36.098],[136.659,36.07],[136.754,36.086],[136.781,36.141],[136.766,36.161],[136.799,36.181],[136.85,36.252],[136.815,36.266],[136.792,36.299],[136.784,36.342],[136.806,36.355],[136.778,36.431],[136.795,36.443],[136.803,36.485],[136.795,36.511],[136.817,36.553],[136.788,36.593],[136.786,36.63]]],[[[137.038,37.168],[137.024,37.145],[136.994,37.139],[136.902,37.141],[136.935,37.12],[136.951,37.097],[136.994,37.118],[137.014,37.112],[137.05,37.123],[137.053,37.151],[137.038,37.168]]]]}},{"type":"Feature","properties":{"code":"18","name":"福井県","name_en":"Fukui"},"geometry":{"type":"MultiPolygon","coordinates":[[[[135.964,35.998],[135.958,35.982],[135.997,35.936],[135.998,35.884],[136.07,35.825],[136.1,35.779],[136.099,35.726],[136.079,35.704],[136.072,35.661],[136.048,35.657],[136.027,35.679],[136.041,35.699],[136.03,35.753],[136.02,35.764],[135.965,35.73],[135.96,35.702],[135.978,35.687],[135.967,35.66],[135.986,35.643],[135.914,35.609],[135.899,35.624],[135.87,35.608],[135.846,35.635],[135.815,35.642],[135.854,35.603],[135.857,35.582],[135.84,35.563],[135.815,35.572],[135.834,35.536],[135.788,35.531],[135.759,35.543],[135.736,35.571],[135.715,35.57],[135.69,35.549],[135.752,35.532],[135.737,35.494],[135.66,35.492],[135.645,35.479],[135.605,35.484],[135.629,35.492],[135.635,35.519],[135.603,35.514],[135.575,35.493],[135.536,35.489],[135.507,35.506],[135.518,35.55],[135.487,35.558],[135.46,35.548],[135.45,35.521],[135.476,35.49],[135.458,35.469],[135.527,35.418],[135.535,35.377],[135.642,35.367],[135.701,35.344],[135.719,35.355],[135.769,35.356],[135.811,35.409],[135.853,35.412],[135.865,35.394],[135.891,35.403],[135.914,35.432],[135.916,35.471],[135.947,35.52],[135.963,35.501],[136.007,35.492],[136.027,35.529],[136.069,35.526],[136.083,35.541],[136.106,35.529],[136.113,35.573],[136.166,35.583],[136.177,35.595],[136.148,35.663],[136.134,35.67],[136.15,35.698],[136.185,35.704],[136.199,35.69],[136.281,35.659],[136.327,35.732],[136.318,35.751],[136.328,35.775],[136.377,35.795],[136.514,35.762],[136.525,35.788],[136.572,35.778],[136.599,35.799],[136.611,35.789],[136.653,35.799],[136.666,35.785],[136.71,35.792],[136.725,35.808],[136.789,35.799],[136.802,35.844],[136.832,35.857],[136.814,35.911],[136.784,35.928],[136.789,35.949],[136.753,35.956],[136.75,35.991],[136.727,35.996],[136.735,36.048],[136.764,36.068],[136.754,36.086],[136.659,36.07],[136.642,36.098],[136.552,36.155],[136.512,36.146],[136.492,36.158],[136.464,36.138],[136.44,36.137],[136.409,36.172],[136.344,36.173],[136.329,36.202],[136.332,36.23],[136.302,36.258],[136.268,36.269],[136.246,36.294],[136.183,36.258],[136.123,36.25],[136.132,36.214],[136.093,36.153],[136.055,36.128],[136.036,36.102],[136.011,36.033],[135.964,35.998]]]]}},{"type":"Feature","properties":{"code":"19","name":"山梨県","name_en":"Yamanashi"},"geometry":{"type":"MultiPolygon","coordinates":[[[[138.622,35.87],[138.592,35.918],[138.498,35.911],[138.49,35.896],[138.454,35.903],[138.454,35.938],[138.424,35.959],[138.37,35.971],[138.284,35.859],[138.249,35.886],[138.188,35.8],[138.23,35.753],[138.181,35.711],[138.193,35.672],[138.219,35.644],[138.228,35.646],[138.244,35.563],[138.259,35.553],[138.258,35.476],[138.244,35.454],[138.259,35.431],[138.258,35.407],[138.232,35.371],[138.251,35.364],[138.258,35.316],[138.285,35.304],[138.296,35.317],[138.336,35.326],[138.372,35.299],[138.367,35.27],[138.386,35.246],[138.399,35.2],[138.431,35.18],[138.491,35.168],[138.522,35.199],[138.532,35.223],[138.514,35.262],[138.522,35.283],[138.512,35.314],[138.535,35.331],[138.532,35.409],[138.582,35.446],[138.598,35.432],[138.609,35.393],[138.671,35.393],[138.681,35.358],[138.822,35.374],[138.862,35.39],[138.873,35.382],[138.916,35.401],[138.937,35.449],[138.989,35.474],[139.028,35.481],[139.046,35.51],[139.086,35.512],[139.128,35.563],[139.134,35.616],[139.117,35.655],[139.131,35.672],[139.106,35.691],[139.072,35.695],[139.023,35.722],[138.984,35.769],[138.944,35.855],[138.911,35.853],[138.892,35.84],[138.845,35.867],[138.814,35.862],[138.789,35.893],[138.729,35.909],[138.708,35.91],[138.661,35.874],[138.622,35.87]]]]}},{"type":"Feature","properties":{"code":"20","name":"長野県","name_en":"Nagano"},"geometry":{"type":"MultiPolygon","coordinates":[[[[138.003,36.826],[138.02,36.842],[138.017,36.86],[138.031,36.891],[138.014,36.904],[137.92,36.92],[137.875,36.916],[137.862,36.891],[137.878,36.873],[137.82,36.798],[137.754,36.754],[137.75,36.705],[137.761,36.665],[137.747,36.625],[137.753,36.594],[137.688,36.562],[137.685,36.538],[137.704,36.527],[137.669,36.509],[137.652,36.488],[137.655,36.459],[137.633,36.425],[137.609,36.418],[137.587,36.39],[137.587,36.372],[137.619,36.364],[137.646,36.341],[137.648,36.289],[137.629,36.278],[137.583,36.22],[137.595,36.19],[137.591,36.164],[137.568,36.153],[137.551,36.11],[137.572,36.089],[137.608,36.078],[137.614,36.06],[137.599,36.026],[137.59,36.007],[137.543,35.983],[137.519,35.94],[137.483,35.914],[137.476,35.894],[137.438,35.905],[137.381,35.892],[137.357,35.843],[137.332,35.841],[137.326,35.812],[137.36,35.796],[137.392,35.799],[137.4,35.775],[137.46,35.761],[137.509,35.682],[137.545,35.651],[137.514,35.608],[137.538,35.585],[137.57,35.58],[137.575,35.545],[137.607,35.534],[137.632,35.509],[137.63,35.477],[137.593,35.447],[137.615,35.431],[137.634,35.399],[137.618,35.392],[137.575,35.4],[137.598,35.379],[137.602,35.331],[137.575,35.317],[137.55,35.243],[137.579,35.219],[137.579,35.198],[137.654,35.218],[137.664,35.228],[137.708,35.232],[137.8,35.206],[137.873,35.219],[137.895,35.258],[137.919,35.254],[137.929,35.275],[137.967,35.284],[137.992,35.302],[138.019,35.301],[138.026,35.32],[138.061,35.347],[138.087,35.338],[138.115,35.365],[138.141,35.369],[138.153,35.398],[138.122,35.429],[138.12,35.455],[138.157,35.46],[138.158,35.494],[138.14,35.5],[138.138,35.522],[138.159,35.545],[138.152,35.571],[138.184,35.573],[138.206,35.608],[138.203,35.632],[138.219,35.644],[138.193,35.672],[138.181,35.711],[138.23,35.753],[138.188,35.8],[138.249,35.886],[138.284,35.859],[138.37,35.971],[138.424,35.959],[138.454,35.938],[138.454,35.903],[138.49,35.896],[138.498,35.911],[138.592,35.918],[138.622,35.87],[138.661,35.874],[138.708,35.91],[138.729,35.909],[138.739,35.939],[138.711,35.971],[138.713,35.985],[138.631,36.028],[138.644,36.05],[138.631,36.091],[138.645,36.12],[138.634,36.134],[138.601,36.136],[138.577,36.168],[138.637,36.175],[138.637,36.204],[138.612,36.229],[138.6,36.278],[138.653,36.303],[138.648,36.407],[138.608,36.423],[138.571,36.42],[138.541,36.403],[138.507,36.414],[138.489,36.401],[138.458,36.412],[138.457,36.42],[138.401,36.435],[138.397,36.491],[138.412,36.541],[138.429,36.556],[138.42,36.577],[138.459,36.635],[138.525,36.651],[138.534,36.666],[138.52,36.692],[138.544,36.704],[138.696,36.739],[138.688,36.766],[138.67,36.774],[138.696,36.809],[138.681,36.824],[138.688,36.861],[138.623,36.885],[138.621,36.904],[138.596,36.907],[138.585,36.932],[138.588,36.977],[138.566,37.021],[138.525,37.03],[138.455,37.02],[138.394,36.995],[138.343,36.921],[138.318,36.925],[138.296,36.911],[138.296,36.858],[138.275,36.841],[138.268,36.86],[138.213,36.868],[138.163,36.844],[138.115,36.85],[138.089,36.836],[138.068,36.804],[138.034,36.809],[138.003,36.826]]]]}},{"type":"Feature","properties":{"code":"21","name":"岐阜県","name_en":"Gifu"},"geometry":{"type":"MultiPolygon","coordinates":[[[[136.528,35.258],[136.562,35.206],[136.594,35.181],[136.616,35.15],[136.673,35.135],[136.672,35.189],[136.683,35.2],[136.678,35.241],[136.775,35.37],[136.834,35.356],[136.893,35.378],[136.921,35.379],[136.962,35.4],[136.961,35.415],[136.993,35.424],[136.979,35.406],[137.002,35.381],[137.048,35.365],[137.046,35.34],[137.081,35.292],[137.132,35.294],[137.176,35.27],[137.189,35.253],[137.225,35.256],[137.276,35.291],[137.308,35.291],[137.345,35.274],[137.344,35.258],[137.385,35.259],[137.388,35.24],[137.417,35.24],[137.425,35.227],[137.562,35.289],[137.575,35.317],[137.602,35.331],[137.598,35.379],[137.575,35.4],[137.618,35.392],[137.634,35.399],[137.615,35.431],[137.593,35.447],[137.63,35.477],[137.632,35.509],[137.607,35.534],[137.575,35.545],[137.57,35.58],[137.538,35.585],[137.514,35.608],[137.545,35.651],[137.509,35.682],[137.46,35.761],[137.4,35.775],[137.392,35.799],[137.36,35.796],[137.326,35.812],[137.332,35.841],[137.357,35.843],[137.381,35.892],[137.438,35.905],[137.476,35.894],[137.483,35.914],[137.519,35.94],[137.543,35.983],[137.59,36.007],[137.614,36.06],[137.608,36.078],[137.572,36.089],[137.551,36.11],[137.568,36.153],[137.591,36.164],[137.595,36.19],[137.583,36.22],[137.629,36.278],[137.648,36.289],[137.646,36.341],[137.619,36.364],[137.587,36.372],[137.587,36.39],[137.54,36.393],[137.512,36.423],[137.474,36.425],[137.461,36.412],[137.41,36.425],[137.395,36.456],[137.361,36.45],[137.358,36.436],[137.32,36.424],[137.317,36.461],[137.278,36.465],[137.213,36.438],[137.16,36.456],[137.112,36.415],[137.095,36.384],[137.058,36.372],[137.052,36.33],[136.975,36.274],[136.958,36.278],[136.971,36.316],[136.955,36.339],[136.907,36.361],[136.89,36.346],[136.837,36.347],[136.842,36.333],[136.827,36.303],[136.792,36.299],[136.815,36.266],[136.85,36.252],[136.799,36.181],[136.766,36.161],[136.781,36.141],[136.754,36.086],[136.764,36.068],[136.735,36.048],[136.727,35.996],[136.75,35.991],[136.753,35.956],[136.789,35.949],[136.784,35.928],[136.814,35.911],[136.832,35.857],[136.802,35.844],[136.789,35.799],[136.725,35.808],[136.71,35.792],[136.666,35.785],[136.653,35.799],[136.611,35.789],[136.599,35.799],[136.572,35.778],[136.525,35.788],[136.514,35.762],[136.377,35.795],[136.328,35.775],[136.318,35.751],[136.327,35.732],[136.281,35.659],[136.289,35.621],[136.324,35.617],[136.323,35.57],[136.346,35.536],[136.374,35.559],[136.402,35.513],[136.388,35.497],[136.426,35.448],[136.412,35.419],[136.444,35.389],[136.412,35.37],[136.422,35.348],[136.38,35.241],[136.415,35.218],[136.441,35.217],[136.466,35.237],[136.506,35.235],[136.528,35.258]]]]}},{"type":"Feature","properties":{"code":"22","name":"静岡県","name_en":"Shizuoka"},"geometry":{"type":"MultiPolygon","coordinates":[[[[138.219,35.644],[138.203,35.632],[138.206,35.608],[138.184,35.573],[138.152,35.571],[138.159,35.545],[138.138,35.522],[138.14,35.5],[138.158,35.494],[138.157,35.46],[138.12,35.455],[138.122,35.429],[138.153,35.398],[138.141,35.369],[138.115,35.365],[138.087,35.338],[138.061,35.347],[138.026,35.32],[138.019,35.301],[137.992,35.302],[137.967,35.284],[137.929,35.275],[137.919,35.254],[137.895,35.258],[137.873,35.219],[137.838,35.212],[137.81,35.175],[137.822,35.148],[137.797,35.127],[137.801,35.107],[137.778,35.1],[137.776,35.078],[137.74,35.057],[137.705,35.015],[137.704,34.97],[137.675,34.945],[137.66,34.945],[137.641,34.893],[137.598,34.873],[137.587,34.85],[137.524,34.841],[137.487,34.812],[137.493,34.787],[137.477,34.775],[137.474,34.75],[137.492,34.702],[137.485,34.674],[137.598,34.678],[137.799,34.646],[137.912,34.666],[137.97,34.665],[138.078,34.642],[138.192,34.601],[138.207,34.62],[138.193,34.645],[138.195,34.665],[138.224,34.722],[138.294,34.767],[138.337,34.828],[138.328,34.867],[138.357,34.915],[138.508,34.978],[138.533,35.013],[138.503,35.012],[138.5,35.03],[138.524,35.043],[138.559,35.102],[138.709,35.137],[138.808,35.116],[138.874,35.069],[138.892,35.031],[138.844,35.014],[138.784,35.025],[138.762,34.972],[138.789,34.906],[138.757,34.885],[138.772,34.847],[138.751,34.821],[138.776,34.763],[138.742,34.724],[138.741,34.7],[138.777,34.676],[138.776,34.641],[138.843,34.601],[138.865,34.619],[138.905,34.629],[138.918,34.653],[138.957,34.676],[138.993,34.718],[139.005,34.751],[139.058,34.785],[139.079,34.824],[139.083,34.853],[139.132,34.88],[139.148,34.936],[139.128,34.969],[139.106,34.97],[139.083,35.001],[139.099,35.031],[139.074,35.047],[139.077,35.098],[139.111,35.141],[139.03,35.15],[139.027,35.175],[138.988,35.201],[138.976,35.236],[138.975,35.264],[139.005,35.29],[139.019,35.33],[139.002,35.399],[138.916,35.401],[138.873,35.382],[138.862,35.39],[138.822,35.374],[138.681,35.358],[138.671,35.393],[138.609,35.393],[138.598,35.432],[138.582,35.446],[138.532,35.409],[138.535,35.331],[138.512,35.314],[138.522,35.283],[138.514,35.262],[138.532,35.223],[138.522,35.199],[138.491,35.168],[138.431,35.18],[138.399,35.2],[138.386,35.246],[138.367,35.27],[138.372,35.299],[138.336,35.326],[138.296,35.317],[138.285,35.304],[138.258,35.316],[138.251,35.364],[138.232,35.371],[138.258,35.407],[138.259,35.431],[138.244,35.454],[138.258,35.476],[138.259,35.553],[138.244,35.563],[138.228,35.646],[138.219,35.644]]]]}},{"type":"Feature","properties":{"code":"23","name":"愛知県","name_en":"Aichi"},"geometry":{"type":"MultiPolygon","coordinates":[[[[136.884,35.067],[136.853,35.015],[136.87,35.008],[136.846,34.999],[136.821,34.966],[136.822,34.884],[136.857,34.862],[136.867,34.838],[136.842,34.762],[136.888,34.721],[136.943,34.701],[136.974,34.699],[136.964,34.734],[136.915,34.77],[136.921,34.813],[136.941,34.863],[136.969,34.901],[136.983,34.956],[136.969,34.872],[136.955,34.855],[136.971,34.821],[136.997,34.816],[137.025,34.778],[137.168,34.788],[137.223,34.817],[137.253,34.806],[137.298,34.811],[137.321,34.771],[137.307,34.68],[137.301,34.728],[137.285,34.731],[137.233,34.699],[137.229,34.679],[137.143,34.654],[137.119,34.635],[137.102,34.638],[137.082,34.662],[137.06,34.653],[137.03,34.601],[137.039,34.579],[137.143,34.59],[137.341,34.648],[137.485,34.674],[137.492,34.702],[137.474,34.75],[137.477,34.775],[137.493,34.787],[137.487,34.812],[137.524,34.841],[137.587,34.85],[137.598,34.873],[137.641,34.893],[137.66,34.945],[137.675,34.945],[137.704,34.97],[137.705,35.015],[137.74,35.057],[137.776,35.078],[137.778,35.1],[137.801,35.107],[137.797,35.127],[137.822,35.148],[137.81,35.175],[137.838,35.212],[137.8,35.206],[137.708,35.232],[137.664,35.228],[137.654,35.218],[137.579,35.198],[137.579,35.219],[137.55,35.243],[137.562,35.289],[137.425,35.227],[137.417,35.24],[137.388,35.24],[137.385,35.259],[137.344,35.258],[137.345,35.274],[137.308,35.291],[137.276,35.291],[137.225,35.256],[137.189,35.253],[137.176,35.27],[137.132,35.294],[137.081,35.292],[137.046,35.34],[137.048,35.365],[137.002,35.381],[136.979,35.406],[136.993,35.424],[136.961,35.415],[136.962,35.4],[136.921,35.379],[136.893,35.378],[136.834,35.356],[136.775,35.37],[136.678,35.241],[136.683,35.2],[136.672,35.189],[136.673,35.135],[136.75,35.081],[136.771,35.021],[136.794,35.014],[136.807,35.052],[136.83,35.05],[136.825,35.08],[136.847,35.083],[136.855,35.057],[136.884,35.067]]]]}},{"type":"Feature","properties":{"code":"24","name":"三重県","name_en":"Mie"},"geometry":{"type":"MultiPolygon","coordinates":[[[[136.57,34.805],[136.642,34.901],[136.652,34.993],[136.7,35.021],[136.75,35.036],[136.771,35.021],[136.75,35.081],[136.673,35.135],[136.616,35.15],[136.594,35.181],[136.562,35.206],[136.528,35.258],[136.506,35.235],[136.466,35.237],[136.441,35.217],[136.415,35.218],[136.409,35.187],[136.455,35.161],[136.436,35.131],[136.448,35.124],[136.442,35.067],[136.418,35.05],[136.421,35.0],[136.395,34.952],[136.373,34.942],[136.366,34.905],[136.251,34.858],[136.198,34.87],[136.181,34.886],[136.132,34.883],[136.102,34.896],[136.087,34.876],[136.122,34.873],[136.073,34.804],[136.022,34.792],[136.03,34.756],[136.071,34.715],[136.055,34.703],[136.075,34.698],[136.086,34.676],[136.065,34.652],[136.062,34.62],[136.047,34.601],[136.05,34.58],[136.083,34.559],[136.14,34.559],[136.162,34.548],[136.167,34.52],[136.21,34.529],[136.22,34.516],[136.206,34.449],[136.158,34.449],[136.096,34.435],[136.069,34.389],[136.102,34.336],[136.13,34.316],[136.095,34.301],[136.132,34.252],[136.111,34.229],[136.115,34.211],[136.093,34.196],[136.112,34.168],[136.094,34.067],[136.101,34.026],[136.023,34.037],[135.997,33.998],[136.013,33.974],[135.985,33.969],[135.97,33.93],[135.93,33.941],[135.909,33.918],[135.881,33.909],[135.901,33.885],[135.875,33.862],[135.858,33.873],[135.856,33.82],[135.891,33.802],[135.94,33.739],[135.964,33.724],[135.983,33.736],[136.012,33.723],[136.066,33.84],[136.107,33.89],[136.136,33.888],[136.232,33.948],[136.239,33.969],[136.271,33.971],[136.271,34.006],[136.281,34.023],[136.244,34.038],[136.236,34.087],[136.274,34.083],[136.302,34.099],[136.276,34.139],[136.303,34.18],[136.354,34.208],[136.374,34.197],[136.468,34.232],[136.502,34.232],[136.506,34.264],[136.57,34.289],[136.586,34.257],[136.655,34.287],[136.681,34.343],[136.716,34.302],[136.787,34.289],[136.829,34.303],[136.83,34.271],[136.766,34.278],[136.765,34.261],[136.841,34.252],[136.885,34.297],[136.882,34.345],[136.901,34.356],[136.87,34.387],[136.909,34.396],[136.924,34.421],[136.915,34.452],[136.868,34.456],[136.867,34.481],[136.816,34.485],[136.809,34.508],[136.765,34.514],[136.66,34.566],[136.647,34.589],[136.544,34.622],[136.549,34.671],[136.521,34.698],[136.539,34.764],[136.57,34.805]]]]}},{"type":"Feature","properties":{"code":"25","name":"滋賀県","name_en":"Shiga"},"geometry":{"type":"MultiPolygon","coordinates":[[[[135.943,34.878],[135.946,34.852],[135.971,34.838],[136.005,34.843],[136.028,34.819],[136.022,34.792],[136.073,34.804],[136.122,34.873],[136.087,34.876],[136.102,34.896],[136.132,34.883],[136.181,34.886],[136.198,34.87],[136.251,34.858],[136.366,34.905],[136.373,34.942],[136.395,34.952],[136.421,35.0],[136.418,35.05],[136.442,35.067],[136.448,35.124],[136.436,35.131],[136.455,35.161],[136.409,35.187],[136.415,35.218],[136.38,35.241],[136.422,35.348],[136.412,35.37],[136.444,35.389],[136.412,35.419],[136.426,35.448],[136.388,35.497],[136.402,35.513],[136.374,35.559],[136.346,35.536],[136.323,35.57],[136.324,35.617],[136.289,35.621],[136.281,35.659],[136.199,35.69],[136.185,35.704],[136.15,35.698],[136.134,35.67],[136.148,35.663],[136.177,35.595],[136.166,35.583],[136.113,35.573],[136.106,35.529],[136.083,35.541],[136.069,35.526],[136.027,35.529],[136.007,35.492],[135.963,35.501],[135.947,35.52],[135.916,35.471],[135.914,35.432],[135.891,35.403],[135.865,35.394],[135.853,35.412],[135.811,35.409],[135.769,35.356],[135.811,35.314],[135.835,35.274],[135.861,35.283],[135.831,35.223],[135.847,35.162],[135.856,35.159],[135.835,35.056],[135.816,35.047],[135.835,35.022],[135.82,35.013],[135.878,34.947],[135.867,34.892],[135.9,34.871],[135.936,34.892],[135.943,34.878]]]]}},{"type":"Feature","properties":{"code":"26","name":"京都府","name_en":"Kyoto"},"geometry":{"type":"MultiPolygon","coordinates":[[[[135.861,35.283],[135.835,35.274],[135.811,35.314],[135.769,35.356],[135.719,35.355],[135.701,35.344],[135.642,35.367],[135.535,35.377],[135.527,35.418],[135.458,35.469],[135.476,35.49],[135.45,35.521],[135.46,35.548],[135.487,35.558],[135.474,35.557],[135.45,35.595],[135.427,35.575],[135.337,35.538],[135.355,35.502],[135.289,35.516],[135.237,35.55],[135.247,35.582],[135.208,35.563],[135.19,35.567],[135.245,35.621],[135.253,35.649],[135.309,35.694],[135.287,35.708],[135.274,35.74],[135.233,35.769],[135.085,35.739],[135.085,35.726],[135.03,35.692],[134.986,35.692],[134.963,35.662],[134.923,35.646],[134.868,35.658],[134.874,35.621],[134.863,35.587],[134.919,35.538],[134.93,35.512],[134.963,35.515],[134.993,35.534],[135.037,35.537],[135.049,35.407],[134.991,35.386],[134.946,35.413],[134.934,35.407],[134.923,35.391],[134.917,35.34],[134.938,35.308],[135.007,35.286],[135.01,35.27],[135.049,35.262],[135.068,35.237],[135.109,35.266],[135.157,35.261],[135.163,35.22],[135.182,35.216],[135.187,35.19],[135.207,35.161],[135.225,35.164],[135.232,35.177],[135.289,35.172],[135.294,35.142],[135.327,35.149],[135.343,35.136],[135.382,35.13],[135.4,35.076],[135.377,35.066],[135.371,35.045],[135.382,35.031],[135.382,35.01],[135.436,35.008],[135.482,34.995],[135.485,34.947],[135.573,34.917],[135.581,34.937],[135.563,34.954],[135.613,34.971],[135.611,34.94],[135.643,34.93],[135.683,34.888],[135.692,34.853],[135.747,34.801],[135.729,34.778],[135.756,34.728],[135.863,34.706],[135.89,34.709],[135.897,34.731],[135.922,34.755],[135.932,34.738],[135.97,34.741],[135.986,34.715],[136.027,34.706],[136.055,34.739],[136.03,34.756],[136.022,34.792],[136.028,34.819],[136.005,34.843],[135.971,34.838],[135.946,34.852],[135.936,34.892],[135.9,34.871],[135.867,34.892],[135.878,34.947],[135.82,35.013],[135.835,35.022],[135.816,35.047],[135.835,35.056],[135.856,35.159],[135.847,35.162],[135.831,35.223],[135.861,35.283]]]]}},{"type":"Feature","properties":{"code":"27","name":"大阪府","name_en":"Osaka"},"geometry":{"type":"MultiPolygon","coordinates":[[[[135.426,34.656],[135.45,34.646],[135.438,34.608],[135.453,34.566],[135.438,34.541],[135.419,34.519],[135.378,34.508],[135.359,34.46],[135.226,34.349],[135.101,34.319],[135.093,34.312],[135.11,34.274],[135.203,34.288],[135.208,34.308],[135.225,34.301],[135.254,34.316],[135.33,34.317],[135.339,34.335],[135.38,34.328],[135.485,34.363],[135.512,34.338],[135.577,34.376],[135.651,34.383],[135.68,34.408],[135.665,34.424],[135.687,34.451],[135.667,34.531],[135.653,34.547],[135.682,34.585],[135.652,34.607],[135.671,34.662],[135.673,34.702],[135.702,34.722],[135.697,34.744],[135.712,34.781],[135.729,34.778],[135.747,34.801],[135.692,34.853],[135.683,34.888],[135.643,34.93],[135.611,34.94],[135.613,34.971],[135.563,34.954],[135.581,34.937],[135.573,34.917],[135.525,34.929],[135.485,34.947],[135.482,34.995],[135.436,35.008],[135.382,35.01],[135.382,35.031],[135.371,35.045],[135.338,35.043],[135.34,35.026],[135.355,35.025],[135.345,34.967],[135.418,34.934],[135.442,34.939],[135.467,34.929],[135.419,34.91],[135.445,34.895],[135.419,34.849],[135.424,34.802],[135.441,34.792],[135.46,34.733],[135.407,34.697],[135.422,34.683],[135.426,34.656]]]]}},{"type":"Feature","properties":{"code":"28","name":"兵庫県","name_en":"Hyogo"},"geometry":{"type":"MultiPolygon","coordinates":[[[[135.303,34.719],[135.324,34.726],[135.372,34.694],[135.407,34.697],[135.46,34.733],[135.441,34.792],[135.424,34.802],[135.419,34.849],[135.445,34.895],[135.419,34.91],[135.467,34.929],[135.442,34.939],[135.418,34.934],[135.345,34.967],[135.355,35.025],[135.34,35.026],[135.338,35.043],[135.371,35.045],[135.377,35.066],[135.4,35.076],[135.382,35.13],[135.343,35.136],[135.327,35.149],[135.294,35.142],[135.289,35.172],[135.232,35.177],[135.225,35.164],[135.207,35.161],[135.187,35.19],[135.182,35.216],[135.163,35.22],[135.157,35.261],[135.109,35.266],[135.068,35.237],[135.049,35.262],[135.01,35.27],[135.007,35.286],[134.938,35.308],[134.917,35.34],[134.923,35.391],[134.934,35.407],[134.946,35.413],[134.991,35.386],[135.049,35.407],[135.037,35.537],[134.993,35.534],[134.963,35.515],[134.93,35.512],[134.919,35.538],[134.863,35.587],[134.874,35.621],[134.868,35.658],[134.842,35.643],[134.795,35.67],[134.774,35.659],[134.647,35.66],[134.614,35.64],[134.601,35.658],[134.563,35.655],[134.539,35.67],[134.453,35.629],[134.37,35.615],[134.408,35.587],[134.405,35.571],[134.425,35.552],[134.413,35.518],[134.44,35.443],[134.477,35.429],[134.481,35.41],[134.471,35.38],[134.503,35.366],[134.515,35.277],[134.435,35.229],[134.403,35.241],[134.383,35.222],[134.383,35.194],[134.411,35.187],[134.409,35.148],[134.367,35.147],[134.35,35.09],[134.319,35.083],[134.316,35.043],[134.298,35.043],[134.264,35.017],[134.282,34.997],[134.277,34.963],[134.254,34.946],[134.295,34.907],[134.269,34.889],[134.254,34.857],[134.266,34.826],[134.316,34.803],[134.33,34.774],[134.317,34.744],[134.322,34.722],[134.34,34.739],[134.364,34.741],[134.385,34.726],[134.416,34.731],[134.433,34.766],[134.451,34.754],[134.474,34.755],[134.523,34.779],[134.57,34.758],[134.585,34.769],[134.661,34.784],[134.693,34.77],[134.712,34.777],[134.761,34.762],[134.809,34.732],[134.827,34.706],[134.847,34.715],[134.973,34.644],[135.019,34.643],[135.046,34.625],[135.167,34.648],[135.216,34.694],[135.288,34.704],[135.303,34.719]]],[[[135.22,34.683],[135.201,34.674],[135.217,34.65],[135.245,34.651],[135.22,34.683]]],[[[134.895,34.399],[134.901,34.419],[134.993,34.523],[134.995,34.546],[135.026,34.577],[135.002,34.609],[134.984,34.604],[134.935,34.549],[134.888,34.53],[134.847,34.477],[134.819,34.468],[134.713,34.322],[134.674,34.318],[134.662,34.277],[134.672,34.25],[134.71,34.239],[134.7,34.222],[134.731,34.207],[134.734,34.189],[134.8,34.2],[134.829,34.222],[134.952,34.267],[134.944,34.297],[134.894,34.353],[134.895,34.399]]]]}},{"type":"Feature","properties":{"code":"29","name":"奈良県","name_en":"Nara"},"geometry":{"type":"MultiPolygon","coordinates":[[[[136.055,34.739],[136.027,34.706],[135.986,34.715],[135.97,34.741],[135.932,34.738],[135.922,34.755],[135.897,34.731],[135.89,34.709],[135.863,34.706],[135.756,34.728],[135.729,34.778],[135.712,34.781],[135.697,34.744],[135.702,34.722],[135.673,34.702],[135.671,34.662],[135.652,34.607],[135.682,34.585],[135.653,34.547],[135.667,34.531],[135.687,34.451],[135.665,34.424],[135.68,34.408],[135.651,34.383],[135.681,34.272],[135.718,34.263],[135.727,34.221],[135.71,34.209],[135.678,34.223],[135.648,34.219],[135.634,34.205],[135.642,34.183],[135.622,34.158],[135.585,34.141],[135.579,34.116],[135.546,34.098],[135.548,34.068],[135.581,34.056],[135.6,34.032],[135.596,34.012],[135.622,34.01],[135.637,33.99],[135.637,33.951],[135.618,33.955],[135.606,33.899],[135.648,33.877],[135.685,33.904],[135.724,33.903],[135.756,33.885],[135.816,33.906],[135.855,33.888],[135.858,33.873],[135.875,33.862],[135.883,33.879],[135.859,33.901],[135.909,33.918],[135.894,33.95],[135.916,33.973],[135.985,33.992],[136.023,34.037],[136.101,34.026],[136.094,34.067],[136.112,34.168],[136.093,34.196],[136.115,34.211],[136.111,34.229],[136.132,34.252],[136.095,34.301],[136.13,34.316],[136.102,34.336],[136.069,34.389],[136.096,34.435],[136.158,34.449],[136.206,34.449],[136.22,34.516],[136.21,34.529],[136.167,34.52],[136.162,34.548],[136.14,34.559],[136.083,34.559],[136.05,34.58],[136.047,34.601],[136.062,34.62],[136.065,34.652],[136.086,34.676],[136.075,34.698],[136.055,34.703],[136.071,34.715],[136.055,34.739]]]]}},{"type":"Feature","properties":{"code":"30","name":"和歌山県","name_en":"Wakayama"},"geometry":{"type":"MultiPolygon","coordinates":[[[[135.208,34.308],[135.203,34.288],[135.132,34.272],[135.11,34.274],[135.093,34.312],[135.074,34.305],[135.074,34.281],[135.089,34.261],[135.123,34.242],[135.122,34.225],[135.145,34.215],[135.141,34.193],[135.178,34.179],[135.193,34.159],[135.167,34.134],[135.132,34.138],[135.133,34.119],[135.112,34.113],[135.097,34.091],[135.104,34.071],[135.171,34.032],[135.151,34.025],[135.135,34.0],[135.094,33.993],[135.08,33.956],[135.103,33.954],[135.076,33.935],[135.076,33.903],[135.058,33.88],[135.112,33.893],[135.152,33.876],[135.174,33.833],[135.236,33.798],[135.238,33.78],[135.266,33.783],[135.312,33.77],[135.336,33.746],[135.393,33.715],[135.383,33.691],[135.344,33.689],[135.332,33.666],[135.382,33.651],[135.396,33.626],[135.386,33.6],[135.41,33.576],[135.461,33.548],[135.488,33.55],[135.512,33.526],[135.579,33.507],[135.636,33.507],[135.727,33.477],[135.759,33.484],[135.774,33.471],[135.797,33.497],[135.899,33.546],[135.928,33.577],[135.94,33.578],[135.928,33.609],[135.939,33.645],[135.976,33.66],[135.973,33.67],[136.012,33.723],[135.983,33.736],[135.964,33.724],[135.94,33.739],[135.891,33.802],[135.856,33.82],[135.855,33.888],[135.816,33.906],[135.756,33.885],[135.724,33.903],[135.685,33.904],[135.648,33.877],[135.606,33.899],[135.618,33.955],[135.637,33.951],[135.637,33.99],[135.622,34.01],[135.596,34.012],[135.6,34.032],[135.581,34.056],[135.548,34.068],[135.546,34.098],[135.579,34.116],[135.585,34.141],[135.622,34.158],[135.642,34.183],[135.634,34.205],[135.648,34.219],[135.678,34.223],[135.71,34.209],[135.727,34.221],[135.718,34.263],[135.681,34.272],[135.651,34.383],[135.577,34.376],[135.512,34.338],[135.485,34.363],[135.38,34.328],[135.339,34.335],[135.33,34.317],[135.254,34.316],[135.225,34.301],[135.208,34.308]]],[[[135.881,33.909],[135.859,33.901],[135.883,33.879],[135.875,33.862],[135.901,33.885],[135.881,33.909]]],[[[136.004,34.01],[135.985,33.992],[135.916,33.973],[135.894,33.95],[135.909,33.918],[135.93,33.941],[135.97,33.93],[135.985,33.969],[136.013,33.974],[135.997,33.998],[136.004,34.01]]]]}},{"type":"Feature","properties":{"code":"31","name":"鳥取県","name_en":"Tottori"},"geometry":{"type":"MultiPolygon","coordinates":[[[[134.434,35.471],[134.413,35.518],[134.425,35.552],[134.405,35.571],[134.408,35.587],[134.37,35.615],[134.36,35.6],[134.297,35.59],[134.273,35.561],[134.169,35.534],[134.057,35.519],[134.001,35.526],[133.8,35.501],[133.672,35.506],[133.59,35.532],[133.519,35.521],[133.446,35.494],[133.429,35.47],[133.392,35.454],[133.293,35.478],[133.263,35.501],[133.245,35.549],[133.219,35.546],[133.199,35.526],[133.222,35.481],[133.309,35.431],[133.321,35.41],[133.324,35.374],[133.296,35.349],[133.293,35.321],[133.31,35.268],[133.182,35.234],[133.152,35.216],[133.181,35.203],[133.195,35.17],[133.157,35.149],[133.14,35.117],[133.136,35.074],[133.18,35.067],[133.24,35.079],[133.269,35.058],[133.291,35.071],[133.288,35.096],[133.355,35.101],[133.412,35.121],[133.395,35.177],[133.407,35.186],[133.448,35.171],[133.508,35.193],[133.526,35.183],[133.508,35.233],[133.555,35.242],[133.567,35.256],[133.577,35.314],[133.596,35.345],[133.649,35.336],[133.677,35.319],[133.709,35.325],[133.762,35.311],[133.809,35.277],[133.818,35.253],[133.844,35.253],[133.866,35.272],[133.862,35.292],[133.925,35.307],[133.932,35.333],[133.97,35.348],[134.015,35.35],[133.999,35.315],[134.055,35.298],[134.086,35.307],[134.122,35.281],[134.139,35.279],[134.151,35.258],[134.137,35.239],[134.164,35.228],[134.154,35.195],[134.168,35.172],[134.261,35.21],[134.281,35.197],[134.323,35.203],[134.381,35.249],[134.435,35.229],[134.515,35.277],[134.503,35.366],[134.471,35.38],[134.481,35.41],[134.477,35.429],[134.44,35.443],[134.434,35.471]]]]}},{"type":"Feature","properties":{"code":"32","name":"島根県","name_en":"Shimane"},"geometry":{"type":"MultiPolygon","coordinates":[[[[133.245,35.549],[133.319,35.563],[133.293,35.577],[133.141,35.561],[133.097,35.599],[133.093,35.579],[133.061,35.567],[133.028,35.54],[132.972,35.545],[132.965,35.515],[132.869,35.511],[132.806,35.493],[132.8,35.483],[132.732,35.469],[132.753,35.448],[132.706,35.442],[132.685,35.452],[132.628,35.433],[132.672,35.401],[132.675,35.372],[132.643,35.302],[132.616,35.281],[132.53,35.253],[132.527,35.242],[132.421,35.189],[132.403,35.17],[132.389,35.132],[132.325,35.09],[132.314,35.064],[132.269,35.039],[132.236,35.035],[132.144,34.964],[132.111,34.951],[131.99,34.829],[131.957,34.817],[131.947,34.793],[131.865,34.755],[131.871,34.734],[131.849,34.711],[131.74,34.675],[131.691,34.681],[131.695,34.621],[131.717,34.606],[131.724,34.572],[131.706,34.563],[131.707,34.533],[131.668,34.504],[131.713,34.428],[131.794,34.436],[131.785,34.4],[131.763,34.381],[131.775,34.338],[131.831,34.303],[131.881,34.309],[131.928,34.335],[131.959,34.306],[132.014,34.382],[131.99,34.414],[132.016,34.437],[132.015,34.452],[132.069,34.468],[132.047,34.512],[132.053,34.53],[132.084,34.538],[132.126,34.583],[132.117,34.612],[132.161,34.688],[132.131,34.708],[132.223,34.75],[132.243,34.784],[132.243,34.807],[132.279,34.798],[132.299,34.777],[132.316,34.801],[132.334,34.79],[132.373,34.801],[132.399,34.783],[132.437,34.821],[132.466,34.802],[132.538,34.795],[132.62,34.844],[132.667,34.832],[132.675,34.848],[132.711,34.85],[132.702,34.88],[132.634,34.905],[132.676,34.933],[132.685,34.951],[132.75,34.96],[132.828,35.061],[132.86,35.092],[132.893,35.105],[132.909,35.086],[132.948,35.076],[133.0,35.097],[133.033,35.068],[133.06,35.081],[133.122,35.084],[133.136,35.074],[133.14,35.117],[133.157,35.149],[133.195,35.17],[133.181,35.203],[133.152,35.216],[133.182,35.234],[133.31,35.268],[133.293,35.321],[133.296,35.349],[133.324,35.374],[133.321,35.41],[133.309,35.431],[133.222,35.481],[133.199,35.526],[133.219,35.546],[133.245,35.549]]],[[[133.113,36.12],[133.064,36.098],[133.097,36.049],[133.136,36.102],[133.113,36.12]]],[[[133.069,36.143],[133.055,36.13],[133.012,36.136],[133.013,36.115],[132.986,36.116],[132.947,36.08],[132.946,36.065],[132.994,36.057],[132.977,36.083],[133.005,36.09],[133.022,36.064],[133.051,36.066],[133.057,36.083],[133.042,36.111],[133.081,36.121],[133.069,36.143]]],[[[133.004,36.033],[133.009,36.002],[133.042,36.008],[133.035,36.029],[133.004,36.033]]],[[[133.279,36.349],[133.263,36.328],[133.234,36.329],[133.196,36.298],[133.178,36.25],[133.193,36.245],[133.185,36.215],[133.239,36.183],[133.235,36.169],[133.301,36.177],[133.339,36.17],[133.335,36.203],[133.37,36.207],[133.379,36.277],[133.297,36.328],[133.279,36.349]]]]}},{"type":"Feature","properties":{"code":"33","name":"岡山県","name_en":"Okayama"},"geometry":{"type":"MultiPolygon","coordinates":[[[[133.996,34.614],[134.042,34.608],[134.054,34.586],[134.084,34.581],[134.112,34.588],[134.154,34.615],[134.173,34.617],[134.172,34.65],[134.189,34.651],[134.245,34.701],[134.229,34.715],[134.269,34.719],[134.279,34.734],[134.322,34.722],[134.317,34.744],[134.33,34.774],[134.316,34.803],[134.266,34.826],[134.254,34.857],[134.269,34.889],[134.295,34.907],[134.254,34.946],[134.277,34.963],[134.282,34.997],[134.264,35.017],[134.298,35.043],[134.316,35.043],[134.319,35.083],[134.35,35.09],[134.367,35.147],[134.409,35.148],[134.411,35.187],[134.383,35.194],[134.383,35.222],[134.403,35.241],[134.381,35.249],[134.323,35.203],[134.281,35.197],[134.261,35.21],[134.168,35.172],[134.154,35.195],[134.164,35.228],[134.137,35.239],[134.151,35.258],[134.139,35.279],[134.122,35.281],[134.086,35.307],[134.055,35.298],[133.999,35.315],[134.015,35.35],[133.97,35.348],[133.932,35.333],[133.925,35.307],[133.862,35.292],[133.866,35.272],[133.844,35.253],[133.818,35.253],[133.809,35.277],[133.762,35.311],[133.709,35.325],[133.677,35.319],[133.649,35.336],[133.596,35.345],[133.577,35.314],[133.567,35.256],[133.555,35.242],[133.508,35.233],[133.526,35.183],[133.508,35.193],[133.448,35.171],[133.407,35.186],[133.395,35.177],[133.412,35.121],[133.355,35.101],[133.288,35.096],[133.291,35.071],[133.269,35.058],[133.321,35.004],[133.322,34.988],[133.297,34.956],[133.298,34.889],[133.378,34.808],[133.365,34.767],[133.371,34.712],[133.385,34.678],[133.403,34.667],[133.385,34.617],[133.397,34.595],[133.423,34.586],[133.449,34.543],[133.455,34.495],[133.447,34.48],[133.456,34.455],[133.489,34.441],[133.573,34.466],[133.604,34.495],[133.705,34.523],[133.704,34.478],[133.76,34.47],[133.781,34.445],[133.814,34.438],[133.809,34.461],[133.83,34.473],[133.935,34.451],[133.934,34.473],[133.959,34.523],[134.029,34.555],[134.034,34.574],[134.026,34.599],[133.971,34.602],[133.996,34.614]]]]}},{"type":"Feature","properties":{"code":"34","name":"広島県","name_en":"Hiroshima"},"geometry":{"type":"MultiPolygon","coordinates":[[[[132.437,34.353],[132.506,34.356],[132.518,34.365],[132.494,34.316],[132.532,34.222],[132.553,34.194],[132.603,34.22],[132.638,34.203],[132.68,34.211],[132.7,34.236],[132.76,34.241],[132.802,34.309],[132.82,34.317],[132.855,34.297],[132.894,34.327],[132.931,34.326],[132.945,34.336],[133.04,34.332],[133.081,34.349],[133.093,34.389],[133.128,34.383],[133.245,34.423],[133.273,34.414],[133.285,34.388],[133.367,34.369],[133.385,34.42],[133.431,34.424],[133.455,34.495],[133.449,34.543],[133.423,34.586],[133.397,34.595],[133.385,34.617],[133.403,34.667],[133.385,34.678],[133.371,34.712],[133.365,34.767],[133.378,34.808],[133.298,34.889],[133.297,34.956],[133.322,34.988],[133.321,35.004],[133.24,35.079],[133.18,35.067],[133.122,35.084],[133.06,35.081],[133.033,35.068],[133.0,35.097],[132.948,35.076],[132.909,35.086],[132.893,35.105],[132.86,35.092],[132.828,35.061],[132.75,34.96],[132.685,34.951],[132.676,34.933],[132.634,34.905],[132.702,34.88],[132.711,34.85],[132.675,34.848],[132.667,34.832],[132.62,34.844],[132.538,34.795],[132.466,34.802],[132.437,34.821],[132.399,34.783],[132.373,34.801],[132.334,34.79],[132.316,34.801],[132.299,34.777],[132.279,34.798],[132.243,34.807],[132.243,34.784],[132.223,34.75],[132.131,34.708],[132.161,34.688],[132.117,34.612],[132.126,34.583],[132.084,34.538],[132.053,34.53],[132.047,34.512],[132.081,34.444],[132.069,34.416],[132.077,34.389],[132.071,34.355],[132.129,34.327],[132.134,34.272],[132.157,34.229],[132.202,34.223],[132.193,34.207],[132.246,34.211],[132.227,34.235],[132.239,34.261],[132.282,34.286],[132.321,34.332],[132.355,34.349],[132.347,34.357],[132.423,34.363],[132.437,34.353]]],[[[132.849,34.196],[132.803,34.173],[132.818,34.151],[132.869,34.177],[132.849,34.196]]],[[[132.535,34.2],[132.503,34.185],[132.489,34.131],[132.448,34.104],[132.462,34.082],[132.499,34.091],[132.502,34.103],[132.556,34.082],[132.57,34.115],[132.547,34.129],[132.549,34.149],[132.522,34.157],[132.556,34.178],[132.535,34.2]]],[[[132.712,34.204],[132.686,34.183],[132.717,34.173],[132.765,34.177],[132.759,34.192],[132.712,34.204]]],[[[133.133,34.317],[133.096,34.307],[133.074,34.286],[133.082,34.256],[133.146,34.287],[133.133,34.317]]],[[[133.152,34.359],[133.138,34.344],[133.156,34.299],[133.191,34.275],[133.193,34.3],[133.211,34.319],[133.152,34.359]]],[[[133.215,34.409],[133.17,34.387],[133.189,34.357],[133.213,34.363],[133.235,34.407],[133.215,34.409]]],[[[132.334,34.311],[132.29,34.287],[132.267,34.25],[132.273,34.234],[132.304,34.245],[132.341,34.275],[132.349,34.292],[132.334,34.311]]],[[[132.48,34.296],[132.435,34.285],[132.443,34.261],[132.479,34.232],[132.445,34.223],[132.42,34.258],[132.39,34.261],[132.388,34.224],[132.444,34.17],[132.442,34.136],[132.462,34.135],[132.49,34.155],[132.472,34.183],[132.49,34.202],[132.499,34.268],[132.48,34.296]]],[[[132.931,34.285],[132.908,34.265],[132.887,34.262],[132.842,34.223],[132.88,34.206],[132.918,34.217],[132.917,34.234],[132.938,34.273],[132.931,34.285]]]]}},{"type":"Feature","properties":{"code":"35","name":"山口県","name_en":"Yamaguchi"},"geometry":{"type":"MultiPolygon","coordinates":[[[[130.912,33.954],[130.895,33.944],[130.903,33.915],[130.928,33.926],[130.912,33.954]]],[[[131.068,34.039],[131.103,34.031],[131.121,34.004],[131.161,33.986],[131.158,33.955],[131.171,33.942],[131.199,33.943],[131.267,33.923],[131.349,33.966],[131.363,33.997],[131.394,34.026],[131.427,34.014],[131.436,33.988],[131.479,34.013],[131.476,34.038],[131.509,34.023],[131.517,34.003],[131.54,33.998],[131.585,34.025],[131.611,34.024],[131.623,34.04],[131.674,34.044],[131.71,34.06],[131.765,34.054],[131.818,34.035],[131.812,34.016],[131.772,33.978],[131.817,33.97],[131.818,33.993],[131.838,34.009],[131.859,34.007],[131.936,33.947],[131.957,33.95],[132.025,33.902],[132.056,33.921],[132.077,33.893],[132.12,33.875],[132.115,33.834],[132.153,33.843],[132.158,33.86],[132.129,33.888],[132.128,33.957],[132.188,33.963],[132.213,34.002],[132.219,34.039],[132.203,34.125],[132.248,34.133],[132.252,34.158],[132.238,34.196],[132.246,34.211],[132.193,34.207],[132.202,34.223],[132.157,34.229],[132.134,34.272],[132.129,34.327],[132.071,34.355],[132.077,34.389],[132.069,34.416],[132.081,34.444],[132.069,34.468],[132.015,34.452],[132.016,34.437],[131.99,34.414],[132.014,34.382],[131.959,34.306],[131.928,34.335],[131.881,34.309],[131.831,34.303],[131.775,34.338],[131.763,34.381],[131.785,34.4],[131.794,34.436],[131.713,34.428],[131.668,34.504],[131.707,34.533],[131.706,34.563],[131.724,34.572],[131.717,34.606],[131.695,34.621],[131.691,34.681],[131.649,34.653],[131.612,34.666],[131.591,34.629],[131.562,34.618],[131.555,34.58],[131.504,34.534],[131.465,34.532],[131.452,34.516],[131.462,34.486],[131.437,34.471],[131.422,34.439],[131.391,34.417],[131.353,34.411],[131.293,34.38],[131.272,34.39],[131.154,34.373],[131.129,34.413],[131.112,34.409],[131.074,34.425],[131.043,34.41],[131.005,34.415],[130.98,34.435],[130.959,34.408],[131.011,34.402],[131.037,34.379],[130.949,34.353],[130.9,34.361],[130.89,34.344],[130.891,34.312],[130.867,34.288],[130.922,34.239],[130.931,34.21],[130.926,34.17],[130.892,34.135],[130.867,34.137],[130.862,34.104],[130.882,34.075],[130.911,34.062],[130.91,33.959],[130.934,33.948],[130.995,33.989],[131.03,34.039],[131.068,34.039]]],[[[131.246,34.438],[131.217,34.426],[131.171,34.426],[131.173,34.408],[131.196,34.398],[131.246,34.438]]],[[[132.209,33.817],[132.188,33.808],[132.216,33.782],[132.248,33.797],[132.209,33.817]]],[[[132.234,33.968],[132.211,33.96],[132.173,33.924],[132.175,33.903],[132.209,33.859],[132.22,33.874],[132.259,33.878],[132.289,33.902],[132.368,33.867],[132.363,33.898],[132.376,33.914],[132.418,33.918],[132.454,33.935],[132.424,33.954],[132.395,33.926],[132.37,33.928],[132.358,33.911],[132.317,33.906],[132.287,33.942],[132.234,33.968]]]]}},{"type":"Feature","properties":{"code":"36","name":"徳島県","name_en":"Tokushima"},"geometry":{"type":"MultiPolygon","coordinates":[[[[134.607,34.101],[134.604,34.119],[134.642,34.18],[134.586,34.201],[134.59,34.224],[134.571,34.237],[134.497,34.224],[134.472,34.209],[134.44,34.208],[134.434,34.17],[134.413,34.157],[134.376,34.172],[134.26,34.184],[134.173,34.176],[134.135,34.152],[134.139,34.134],[134.122,34.119],[134.05,34.117],[134.022,34.084],[134.0,34.075],[133.977,34.076],[133.922,34.114],[133.903,34.1],[133.893,34.108],[133.822,34.092],[133.82,34.074],[133.785,34.08],[133.74,34.05],[133.721,34.022],[133.68,34.013],[133.676,33.992],[133.692,33.962],[133.676,33.933],[133.688,33.916],[133.661,33.882],[133.678,33.859],[133.729,33.851],[133.748,33.837],[133.839,33.845],[133.874,33.806],[133.913,33.791],[133.941,33.799],[133.96,33.835],[133.987,33.837],[133.996,33.822],[134.033,33.828],[134.033,33.809],[134.059,33.777],[134.065,33.719],[134.058,33.691],[134.126,33.696],[134.164,33.688],[134.171,33.658],[134.15,33.631],[134.156,33.612],[134.173,33.61],[134.196,33.561],[134.219,33.568],[134.239,33.553],[134.287,33.56],[134.306,33.548],[134.318,33.582],[134.354,33.583],[134.388,33.624],[134.39,33.651],[134.543,33.72],[134.566,33.739],[134.58,33.77],[134.748,33.832],[134.701,33.836],[134.708,33.851],[134.646,33.85],[134.656,33.872],[134.696,33.904],[134.706,33.926],[134.696,33.952],[134.665,33.965],[134.652,33.986],[134.612,33.992],[134.586,34.052],[134.607,34.101]]],[[[134.644,34.24],[134.618,34.23],[134.591,34.201],[134.615,34.194],[134.644,34.24]]]]}},{"type":"Feature","properties":{"code":"37","name":"香川県","name_en":"Kagawa"},"geometry":{"type":"MultiPolygon","coordinates":[[[[134.135,34.152],[134.173,34.176],[134.26,34.184],[134.376,34.172],[134.413,34.157],[134.434,34.17],[134.44,34.208],[134.41,34.223],[134.39,34.255],[134.347,34.253],[134.306,34.278],[134.288,34.275],[134.247,34.304],[134.265,34.319],[134.257,34.345],[134.218,34.35],[134.166,34.326],[134.156,34.343],[134.163,34.378],[134.129,34.386],[134.079,34.35],[133.999,34.355],[133.964,34.365],[133.928,34.39],[133.888,34.375],[133.895,34.355],[133.858,34.327],[133.858,34.357],[133.821,34.351],[133.829,34.323],[133.762,34.3],[133.764,34.284],[133.731,34.279],[133.736,34.261],[133.709,34.241],[133.623,34.236],[133.649,34.186],[133.628,34.053],[133.598,34.044],[133.613,34.032],[133.665,34.027],[133.68,34.013],[133.721,34.022],[133.74,34.05],[133.785,34.08],[133.82,34.074],[133.822,34.092],[133.893,34.108],[133.903,34.1],[133.922,34.114],[133.977,34.076],[134.0,34.075],[134.022,34.084],[134.05,34.117],[134.122,34.119],[134.139,34.134],[134.135,34.152]]],[[[133.71,34.399],[133.685,34.361],[133.709,34.353],[133.731,34.37],[133.71,34.399]]],[[[134.2,34.483],[134.233,34.476],[134.239,34.415],[134.268,34.468],[134.31,34.477],[134.33,34.446],[134.349,34.461],[134.343,34.488],[134.356,34.512],[134.355,34.539],[134.332,34.563],[134.179,34.518],[134.145,34.479],[134.152,34.461],[134.2,34.483]]],[[[134.086,34.499],[134.069,34.497],[134.052,34.472],[134.081,34.459],[134.103,34.479],[134.086,34.499]]]]}},{"type":"Feature","properties":{"code":"38","name":"愛媛県","name_en":"Ehime"},"geometry":{"type":"MultiPolygon","coordinates":[[[[132.646,34.018],[132.587,33.97],[132.59,33.952],[132.642,33.957],[132.646,34.018]]],[[[132.686,33.805],[132.698,33.776],[132.659,33.704],[132.586,33.654],[132.508,33.63],[132.457,33.595],[132.425,33.552],[132.265,33.469],[132.233,33.462],[132.225,33.445],[132.194,33.451],[132.172,33.445],[132.17,33.419],[132.153,33.407],[132.124,33.42],[132.084,33.398],[132.119,33.391],[132.125,33.365],[132.184,33.413],[132.237,33.425],[132.281,33.447],[132.306,33.473],[132.402,33.46],[132.408,33.437],[132.386,33.42],[132.397,33.397],[132.379,33.385],[132.409,33.353],[132.382,33.321],[132.423,33.304],[132.467,33.319],[132.498,33.312],[132.483,33.275],[132.504,33.268],[132.539,33.235],[132.539,33.223],[132.504,33.203],[132.51,33.176],[132.487,33.164],[132.447,33.185],[132.434,33.158],[132.452,33.132],[132.481,33.12],[132.468,33.09],[132.48,33.057],[132.428,33.057],[132.425,33.067],[132.397,33.057],[132.396,33.028],[132.379,33.023],[132.394,33.02],[132.405,33.029],[132.418,33.058],[132.486,33.042],[132.485,33.011],[132.516,32.961],[132.491,32.94],[132.469,32.94],[132.476,32.905],[132.516,32.932],[132.513,32.95],[132.572,32.946],[132.599,32.913],[132.656,32.925],[132.678,32.943],[132.692,32.974],[132.677,33.011],[132.678,33.038],[132.658,33.057],[132.67,33.071],[132.663,33.109],[132.647,33.116],[132.615,33.169],[132.637,33.185],[132.687,33.135],[132.726,33.168],[132.741,33.201],[132.776,33.208],[132.772,33.241],[132.787,33.267],[132.899,33.315],[132.902,33.327],[132.884,33.362],[132.86,33.368],[132.825,33.423],[132.827,33.446],[132.811,33.466],[132.848,33.479],[132.901,33.47],[133.015,33.481],[133.038,33.526],[133.059,33.539],[133.062,33.561],[133.047,33.575],[133.075,33.651],[133.117,33.66],[133.119,33.689],[133.145,33.705],[133.161,33.732],[133.158,33.75],[133.184,33.768],[133.193,33.794],[133.22,33.78],[133.257,33.794],[133.277,33.831],[133.326,33.815],[133.356,33.834],[133.392,33.824],[133.401,33.836],[133.487,33.83],[133.508,33.836],[133.51,33.848],[133.55,33.882],[133.583,33.868],[133.596,33.88],[133.627,33.872],[133.661,33.882],[133.688,33.916],[133.676,33.933],[133.692,33.962],[133.676,33.992],[133.68,34.013],[133.665,34.027],[133.613,34.032],[133.598,34.044],[133.533,33.987],[133.491,33.969],[133.411,33.991],[133.356,33.979],[133.321,33.994],[133.277,33.981],[133.234,33.952],[133.133,33.927],[133.101,33.941],[133.067,33.983],[133.023,34.063],[133.007,34.066],[132.973,34.115],[132.953,34.124],[132.924,34.116],[132.931,34.094],[132.916,34.064],[132.857,34.055],[132.771,33.997],[132.768,33.948],[132.755,33.911],[132.711,33.907],[132.7,33.877],[132.71,33.854],[132.687,33.834],[132.686,33.805]]],[[[133.037,34.195],[133.04,34.153],[133.019,34.139],[133.035,34.108],[133.087,34.157],[133.069,34.192],[133.037,34.195]]],[[[133.108,34.242],[133.059,34.227],[133.078,34.196],[133.109,34.222],[133.108,34.242]]],[[[133.012,34.3],[132.981,34.287],[132.995,34.247],[132.991,34.225],[132.965,34.227],[132.947,34.209],[132.959,34.192],[133.0,34.209],[133.05,34.214],[133.048,34.259],[133.026,34.295],[133.012,34.3]]]]}},{"type":"Feature","properties":{"code":"39","name":"高知県","name_en":"Kochi"},"geometry":{"type":"MultiPolygon","coordinates":[[[[133.601,33.52],[133.738,33.538],[133.77,33.516],[133.82,33.515],[133.923,33.492],[133.944,33.475],[133.956,33.446],[134.029,33.414],[134.034,33.378],[134.105,33.323],[134.112,33.294],[134.136,33.297],[134.181,33.249],[134.212,33.401],[134.242,33.464],[134.306,33.548],[134.287,33.56],[134.239,33.553],[134.219,33.568],[134.196,33.561],[134.173,33.61],[134.156,33.612],[134.15,33.631],[134.171,33.658],[134.164,33.688],[134.126,33.696],[134.058,33.691],[134.065,33.719],[134.059,33.777],[134.033,33.809],[134.033,33.828],[133.996,33.822],[133.987,33.837],[133.96,33.835],[133.941,33.799],[133.913,33.791],[133.874,33.806],[133.839,33.845],[133.748,33.837],[133.729,33.851],[133.678,33.859],[133.661,33.882],[133.627,33.872],[133.596,33.88],[133.583,33.868],[133.55,33.882],[133.51,33.848],[133.508,33.836],[133.487,33.83],[133.401,33.836],[133.392,33.824],[133.356,33.834],[133.326,33.815],[133.277,33.831],[133.257,33.794],[133.22,33.78],[133.193,33.794],[133.184,33.768],[133.158,33.75],[133.161,33.732],[133.145,33.705],[133.119,33.689],[133.117,33.66],[133.075,33.651],[133.047,33.575],[133.062,33.561],[133.059,33.539],[133.038,33.526],[133.015,33.481],[132.901,33.47],[132.848,33.479],[132.811,33.466],[132.827,33.446],[132.825,33.423],[132.86,33.368],[132.884,33.362],[132.902,33.327],[132.899,33.315],[132.787,33.267],[132.772,33.241],[132.776,33.208],[132.741,33.201],[132.726,33.168],[132.687,33.135],[132.637,33.185],[132.615,33.169],[132.647,33.116],[132.663,33.109],[132.67,33.071],[132.658,33.057],[132.678,33.038],[132.677,33.011],[132.692,32.974],[132.678,32.943],[132.656,32.925],[132.667,32.919],[132.708,32.926],[132.72,32.894],[132.665,32.86],[132.665,32.833],[132.632,32.802],[132.649,32.777],[132.719,32.797],[132.729,32.779],[132.802,32.748],[132.865,32.789],[132.912,32.788],[132.969,32.751],[132.973,32.733],[133.0,32.723],[133.022,32.729],[133.003,32.787],[132.965,32.799],[132.959,32.827],[132.961,32.865],[132.993,32.862],[133.009,32.912],[132.995,32.932],[132.999,32.98],[133.019,33.023],[133.044,33.039],[133.093,33.034],[133.118,33.086],[133.138,33.094],[133.171,33.15],[133.236,33.198],[133.258,33.261],[133.239,33.297],[133.253,33.308],[133.232,33.328],[133.264,33.341],[133.262,33.369],[133.29,33.383],[133.324,33.379],[133.346,33.401],[133.393,33.402],[133.443,33.42],[133.432,33.437],[133.441,33.449],[133.48,33.458],[133.601,33.52]]],[[[132.546,32.755],[132.538,32.728],[132.57,32.714],[132.57,32.736],[132.546,32.755]]]]}},{"type":"Feature","properties":{"code":"40","name":"福岡県","name_en":"Fukuoka"},"geometry":{"type":"MultiPolygon","coordinates":[[[[130.915,33.896],[130.901,33.891],[130.872,33.916],[130.851,33.907],[130.825,33.921],[130.807,33.885],[130.75,33.874],[130.744,33.888],[130.754,33.878],[130.814,33.902],[130.807,33.932],[130.701,33.939],[130.636,33.885],[130.606,33.879],[130.543,33.889],[130.521,33.863],[130.48,33.851],[130.478,33.828],[130.446,33.795],[130.471,33.774],[130.467,33.754],[130.447,33.725],[130.418,33.713],[130.4,33.687],[130.434,33.662],[130.405,33.652],[130.397,33.603],[130.314,33.598],[130.293,33.58],[130.252,33.597],[130.209,33.654],[130.198,33.64],[130.157,33.628],[130.149,33.597],[130.092,33.585],[130.135,33.566],[130.154,33.537],[130.106,33.51],[130.048,33.495],[130.04,33.47],[130.157,33.477],[130.169,33.468],[130.206,33.481],[130.252,33.471],[130.272,33.479],[130.378,33.425],[130.396,33.427],[130.411,33.395],[130.438,33.401],[130.461,33.428],[130.511,33.449],[130.536,33.439],[130.536,33.343],[130.48,33.331],[130.485,33.306],[130.442,33.264],[130.417,33.268],[130.415,33.253],[130.385,33.24],[130.374,33.244],[130.376,33.22],[130.34,33.205],[130.356,33.14],[130.398,33.108],[130.425,33.053],[130.414,33.002],[130.484,33.002],[130.516,33.012],[130.495,33.049],[130.542,33.082],[130.566,33.087],[130.562,33.104],[130.58,33.116],[130.656,33.109],[130.668,33.157],[130.685,33.169],[130.704,33.152],[130.737,33.146],[130.771,33.124],[130.84,33.104],[130.853,33.109],[130.88,33.153],[130.864,33.193],[130.836,33.211],[130.86,33.229],[130.826,33.237],[130.825,33.253],[130.855,33.263],[130.866,33.292],[130.851,33.337],[130.835,33.344],[130.86,33.373],[130.886,33.379],[130.9,33.449],[130.926,33.458],[130.95,33.488],[130.982,33.508],[131.036,33.519],[131.119,33.502],[131.163,33.508],[131.167,33.529],[131.191,33.558],[131.173,33.588],[131.186,33.617],[131.124,33.626],[131.1,33.618],[131.004,33.75],[131.018,33.768],[130.957,33.83],[130.993,33.851],[131.004,33.89],[131.001,33.925],[131.021,33.942],[131.002,33.97],[130.946,33.938],[130.932,33.908],[130.915,33.896]]]]}},{"type":"Feature","properties":{"code":"41","name":"佐賀県","name_en":"Saga"},"geometry":{"type":"MultiPolygon","coordinates":[[[[130.272,33.479],[130.252,33.471],[130.206,33.481],[130.169,33.468],[130.157,33.477],[130.04,33.47],[130.038,33.453],[129.999,33.447],[129.948,33.472],[129.944,33.493],[129.958,33.506],[129.946,33.528],[129.898,33.549],[129.856,33.533],[129.857,33.511],[129.83,33.505],[129.857,33.465],[129.852,33.447],[129.827,33.479],[129.806,33.486],[129.783,33.451],[129.865,33.393],[129.83,33.336],[129.831,33.304],[129.791,33.34],[129.777,33.333],[129.759,33.291],[129.814,33.236],[129.807,33.211],[129.817,33.185],[129.906,33.158],[129.939,33.165],[129.951,33.11],[129.925,33.106],[129.922,33.09],[129.939,33.074],[129.983,33.057],[130.001,33.026],[130.087,32.975],[130.204,32.957],[130.17,33.051],[130.15,33.067],[130.13,33.118],[130.15,33.113],[130.222,33.165],[130.231,33.192],[130.251,33.19],[130.286,33.162],[130.289,33.147],[130.356,33.14],[130.34,33.205],[130.376,33.22],[130.374,33.244],[130.385,33.24],[130.415,33.253],[130.417,33.268],[130.442,33.264],[130.485,33.306],[130.48,33.331],[130.536,33.343],[130.536,33.439],[130.511,33.449],[130.461,33.428],[130.438,33.401],[130.411,33.395],[130.396,33.427],[130.378,33.425],[130.272,33.479]]]]}},{"type":"Feature","properties":{"code":"42","name":"長崎県","name_en":"Nagasaki"},"geometry":{"type":"MultiPolygon","coordinates":[[[[129.988,32.759],[130.024,32.758],[130.083,32.794],[130.124,32.788],[130.179,32.795],[130.208,32.733],[130.199,32.718],[130.133,32.681],[130.129,32.656],[130.13,32.641],[130.17,32.619],[130.181,32.593],[130.218,32.605],[130.273,32.654],[130.3,32.651],[130.348,32.674],[130.358,32.695],[130.346,32.708],[130.373,32.738],[130.377,32.789],[130.341,32.855],[130.304,32.88],[130.244,32.876],[130.195,32.848],[130.156,32.906],[130.202,32.929],[130.204,32.957],[130.087,32.975],[130.001,33.026],[129.983,33.057],[129.939,33.074],[129.922,33.09],[129.925,33.106],[129.951,33.11],[129.939,33.165],[129.906,33.158],[129.817,33.185],[129.807,33.211],[129.814,33.236],[129.759,33.291],[129.777,33.333],[129.791,33.34],[129.789,33.372],[129.731,33.361],[129.706,33.346],[129.678,33.353],[129.668,33.386],[129.633,33.362],[129.578,33.38],[129.575,33.309],[129.608,33.315],[129.558,33.247],[129.567,33.23],[129.605,33.204],[129.639,33.205],[129.637,33.225],[129.65,33.208],[129.651,33.174],[129.671,33.167],[129.688,33.136],[129.661,33.112],[129.712,33.118],[129.702,33.163],[129.724,33.164],[129.721,33.137],[129.785,33.143],[129.798,33.132],[129.788,33.103],[129.803,33.068],[129.839,33.056],[129.877,33.064],[129.946,33.015],[129.949,32.991],[129.932,32.966],[129.93,32.926],[129.954,32.905],[129.963,32.876],[130.004,32.844],[129.981,32.84],[129.948,32.862],[129.934,32.858],[129.89,32.871],[129.852,32.861],[129.844,32.843],[129.797,32.871],[129.805,32.908],[129.784,32.93],[129.819,32.947],[129.807,32.962],[129.823,32.982],[129.797,33.009],[129.741,33.028],[129.762,33.046],[129.682,33.099],[129.647,33.021],[129.655,33.002],[129.628,32.979],[129.627,32.951],[129.652,32.931],[129.7,32.834],[129.739,32.807],[129.746,32.822],[129.776,32.817],[129.775,32.798],[129.797,32.765],[129.823,32.746],[129.84,32.698],[129.82,32.686],[129.791,32.615],[129.756,32.581],[129.805,32.591],[129.838,32.621],[129.835,32.632],[129.884,32.652],[129.916,32.699],[129.913,32.712],[129.957,32.742],[129.958,32.765],[129.988,32.759]]],[[[129.205,34.332],[129.18,34.22],[129.171,34.112],[129.196,34.113],[129.229,34.095],[129.279,34.131],[129.28,34.156],[129.297,34.173],[129.292,34.19],[129.331,34.276],[129.331,34.298],[129.281,34.316],[129.223,34.296],[129.229,34.319],[129.205,34.332]]],[[[129.45,34.706],[129.419,34.688],[129.379,34.643],[129.32,34.647],[129.306,34.589],[129.287,34.569],[129.327,34.547],[129.273,34.466],[129.276,34.355],[129.299,34.37],[129.349,34.364],[129.356,34.339],[129.333,34.319],[129.357,34.301],[129.393,34.337],[129.393,34.36],[129.376,34.382],[129.394,34.392],[129.379,34.413],[129.37,34.452],[129.472,34.553],[129.491,34.664],[129.471,34.696],[129.45,34.706]]],[[[129.704,33.864],[129.676,33.845],[129.647,33.753],[129.715,33.707],[129.738,33.738],[129.786,33.744],[129.787,33.769],[129.765,33.785],[129.756,33.806],[129.773,33.842],[129.724,33.851],[129.704,33.864]]],[[[128.942,32.885],[128.89,32.856],[128.919,32.843],[128.93,32.828],[128.954,32.834],[128.958,32.869],[128.942,32.885]]],[[[128.864,32.845],[128.838,32.83],[128.835,32.796],[128.866,32.763],[128.902,32.788],[128.901,32.822],[128.864,32.845]]],[[[128.993,32.791],[128.973,32.744],[129.004,32.75],[129.007,32.77],[128.993,32.791]]],[[[128.809,32.798],[128.765,32.76],[128.707,32.739],[128.697,32.766],[128.656,32.78],[128.645,32.724],[128.665,32.667],[128.636,32.635],[128.598,32.613],[128.688,32.603],[128.737,32.607],[128.753,32.579],[128.773,32.574],[128.793,32.591],[128.769,32.618],[128.77,32.645],[128.806,32.655],[128.826,32.636],[128.871,32.644],[128.883,32.67],[128.847,32.697],[128.84,32.725],[128.845,32.751],[128.81,32.774],[128.809,32.798]]],[[[128.99,32.933],[128.986,32.866],[129.03,32.853],[129.033,32.895],[129.011,32.926],[128.99,32.933]]],[[[129.113,33.164],[129.099,33.125],[129.108,33.103],[129.086,33.075],[129.079,33.034],[129.042,33.028],[129.043,32.991],[129.052,32.979],[128.998,32.967],[129.007,32.94],[129.041,32.932],[129.061,32.909],[129.047,32.868],[129.047,32.829],[129.078,32.862],[129.1,32.86],[129.096,32.918],[129.118,32.938],[129.142,32.938],[129.148,32.956],[129.182,32.971],[129.176,33.007],[129.137,32.999],[129.123,32.985],[129.091,32.989],[129.091,33.039],[129.121,33.107],[129.103,33.125],[129.113,33.164]]],[[[129.768,33.143],[129.747,33.125],[129.743,33.073],[129.793,33.083],[129.787,33.104],[129.794,33.138],[129.768,33.143]]],[[[129.129,33.302],[129.07,33.271],[129.094,33.252],[129.123,33.246],[129.15,33.27],[129.129,33.302]]],[[[129.555,33.41],[129.547,33.377],[129.502,33.357],[129.437,33.347],[129.433,33.314],[129.447,33.297],[129.409,33.277],[129.414,33.247],[129.38,33.224],[129.396,33.181],[129.434,33.191],[129.501,33.259],[129.495,33.282],[129.504,33.3],[129.532,33.31],[129.546,33.349],[129.567,33.359],[129.555,33.41]]],[[[129.435,33.441],[129.421,33.432],[129.401,33.359],[129.435,33.355],[129.437,33.396],[129.428,33.409],[129.435,33.441]]],[[[129.556,33.511],[129.528,33.499],[129.535,33.475],[129.554,33.469],[129.556,33.511]]],[[[129.755,33.47],[129.75,33.444],[129.719,33.419],[129.745,33.408],[129.771,33.443],[129.755,33.47]]],[[[129.609,33.065],[129.588,33.028],[129.607,33.024],[129.634,33.051],[129.609,33.065]]],[[[129.057,33.22],[129.028,33.201],[129.073,33.188],[129.057,33.22]]]]}},{"type":"Feature","properties":{"code":"43","name":"熊本県","name_en":"Kumamoto"},"geometry":{"type":"MultiPolygon","coordinates":[[[[130.606,32.754],[130.608,32.716],[130.568,32.699],[130.538,32.665],[130.453,32.627],[130.467,32.605],[130.541,32.624],[130.63,32.623],[130.633,32.602],[130.59,32.576],[130.562,32.538],[130.531,32.52],[130.565,32.476],[130.573,32.441],[130.489,32.366],[130.466,32.321],[130.472,32.301],[130.464,32.277],[130.433,32.263],[130.432,32.231],[130.394,32.227],[130.372,32.201],[130.361,32.169],[130.403,32.12],[130.441,32.114],[130.492,32.134],[130.54,32.137],[130.558,32.154],[130.583,32.155],[130.592,32.186],[130.61,32.187],[130.623,32.156],[130.652,32.151],[130.655,32.136],[130.721,32.101],[130.857,32.1],[130.878,32.121],[130.913,32.13],[130.953,32.115],[131.004,32.17],[131.038,32.17],[131.06,32.156],[131.096,32.152],[131.109,32.16],[131.101,32.202],[131.084,32.206],[131.071,32.235],[131.047,32.244],[131.051,32.286],[131.071,32.28],[131.101,32.312],[131.107,32.333],[131.078,32.355],[131.068,32.408],[131.044,32.408],[131.017,32.448],[131.009,32.515],[131.025,32.52],[131.019,32.549],[131.039,32.554],[131.052,32.588],[131.105,32.58],[131.12,32.599],[131.116,32.643],[131.151,32.68],[131.175,32.672],[131.179,32.71],[131.235,32.744],[131.237,32.777],[131.265,32.826],[131.33,32.833],[131.264,32.879],[131.246,32.961],[131.263,32.977],[131.224,33.017],[131.216,33.051],[131.193,33.078],[131.175,33.083],[131.161,33.141],[131.111,33.183],[131.039,33.194],[131.017,33.178],[130.994,33.184],[130.979,33.142],[131.018,33.094],[131.012,33.043],[130.998,33.028],[130.97,33.024],[130.957,33.047],[130.9,33.064],[130.89,33.084],[130.846,33.092],[130.84,33.104],[130.771,33.124],[130.737,33.146],[130.704,33.152],[130.685,33.169],[130.668,33.157],[130.656,33.109],[130.58,33.116],[130.562,33.104],[130.566,33.087],[130.542,33.082],[130.495,33.049],[130.516,33.012],[130.484,33.002],[130.414,33.002],[130.43,32.987],[130.44,32.921],[130.523,32.881],[130.523,32.853],[130.572,32.849],[130.614,32.793],[130.598,32.778],[130.606,32.754]]],[[[130.351,32.402],[130.382,32.387],[130.416,32.422],[130.408,32.433],[130.436,32.47],[130.456,32.524],[130.419,32.523],[130.391,32.502],[130.389,32.514],[130.36,32.527],[130.316,32.518],[130.282,32.484],[130.205,32.451],[130.225,32.412],[130.246,32.397],[130.351,32.402]]],[[[130.443,32.626],[130.422,32.617],[130.394,32.586],[130.417,32.581],[130.405,32.551],[130.428,32.548],[130.45,32.56],[130.458,32.586],[130.443,32.626]]],[[[130.355,32.352],[130.33,32.333],[130.345,32.312],[130.374,32.343],[130.355,32.352]]],[[[130.118,32.544],[130.066,32.516],[130.044,32.515],[130.047,32.491],[130.007,32.428],[129.994,32.377],[129.975,32.356],[129.981,32.325],[130.011,32.298],[129.971,32.248],[130.013,32.235],[130.0,32.218],[130.002,32.193],[130.023,32.189],[130.04,32.209],[130.073,32.211],[130.159,32.324],[130.186,32.314],[130.218,32.365],[130.219,32.393],[130.197,32.459],[130.209,32.472],[130.188,32.549],[130.118,32.544]]]]}},{"type":"Feature","properties":{"code":"44","name":"大分県","name_en":"Oita"},"geometry":{"type":"MultiPolygon","coordinates":[[[[131.518,33.265],[131.508,33.275],[131.496,33.346],[131.523,33.367],[131.585,33.347],[131.598,33.37],[131.644,33.375],[131.636,33.423],[131.701,33.406],[131.719,33.448],[131.739,33.465],[131.729,33.501],[131.739,33.535],[131.734,33.581],[131.661,33.67],[131.647,33.663],[131.586,33.692],[131.515,33.669],[131.424,33.592],[131.429,33.568],[131.279,33.581],[131.259,33.603],[131.186,33.617],[131.173,33.588],[131.191,33.558],[131.167,33.529],[131.163,33.508],[131.119,33.502],[131.036,33.519],[130.982,33.508],[130.95,33.488],[130.926,33.458],[130.9,33.449],[130.886,33.379],[130.86,33.373],[130.835,33.344],[130.851,33.337],[130.866,33.292],[130.855,33.263],[130.825,33.253],[130.826,33.237],[130.86,33.229],[130.836,33.211],[130.864,33.193],[130.88,33.153],[130.853,33.109],[130.84,33.104],[130.846,33.092],[130.89,33.084],[130.9,33.064],[130.957,33.047],[130.97,33.024],[130.998,33.028],[131.012,33.043],[131.018,33.094],[130.979,33.142],[130.994,33.184],[131.017,33.178],[131.039,33.194],[131.111,33.183],[131.161,33.141],[131.175,33.083],[131.193,33.078],[131.216,33.051],[131.224,33.017],[131.263,32.977],[131.246,32.961],[131.264,32.879],[131.347,32.828],[131.364,32.803],[131.421,32.812],[131.437,32.829],[131.475,32.837],[131.517,32.801],[131.508,32.774],[131.569,32.754],[131.59,32.774],[131.712,32.774],[131.736,32.831],[131.787,32.834],[131.807,32.822],[131.859,32.821],[131.844,32.777],[131.847,32.736],[131.886,32.746],[131.869,32.775],[131.9,32.802],[131.936,32.784],[131.982,32.825],[131.953,32.84],[132.005,32.889],[131.984,32.913],[132.01,32.933],[131.959,32.946],[131.89,32.992],[131.932,33.053],[131.98,33.047],[132.003,33.07],[131.928,33.068],[131.864,33.089],[131.911,33.127],[131.869,33.131],[131.846,33.115],[131.816,33.123],[131.809,33.138],[131.903,33.267],[131.806,33.242],[131.77,33.245],[131.692,33.279],[131.614,33.262],[131.589,33.246],[131.518,33.265]]]]}},{"type":"Feature","properties":{"code":"45","name":"宮崎県","name_en":"Miyazaki"},"geometry":{"type":"MultiPolygon","coordinates":[[[[131.508,32.046],[131.592,32.306],[131.628,32.35],[131.622,32.356],[131.646,32.409],[131.665,32.411],[131.681,32.433],[131.651,32.458],[131.66,32.484],[131.696,32.469],[131.728,32.497],[131.688,32.524],[131.682,32.54],[131.707,32.585],[131.742,32.592],[131.773,32.634],[131.763,32.659],[131.886,32.746],[131.847,32.736],[131.844,32.777],[131.859,32.821],[131.807,32.822],[131.787,32.834],[131.736,32.831],[131.712,32.774],[131.59,32.774],[131.569,32.754],[131.508,32.774],[131.517,32.801],[131.475,32.837],[131.437,32.829],[131.421,32.812],[131.364,32.803],[131.347,32.828],[131.33,32.833],[131.265,32.826],[131.237,32.777],[131.235,32.744],[131.179,32.71],[131.175,32.672],[131.151,32.68],[131.116,32.643],[131.12,32.599],[131.105,32.58],[131.052,32.588],[131.039,32.554],[131.019,32.549],[131.025,32.52],[131.009,32.515],[131.017,32.448],[131.044,32.408],[131.068,32.408],[131.078,32.355],[131.107,32.333],[131.101,32.312],[131.071,32.28],[131.051,32.286],[131.047,32.244],[131.071,32.235],[131.084,32.206],[131.101,32.202],[131.109,32.16],[131.096,32.152],[131.06,32.156],[131.038,32.17],[131.004,32.17],[130.953,32.115],[130.913,32.13],[130.878,32.121],[130.857,32.1],[130.721,32.101],[130.704,32.077],[130.703,32.059],[130.736,32.048],[130.777,32.016],[130.784,31.979],[130.816,31.941],[130.861,31.934],[130.901,31.886],[130.914,31.886],[130.895,31.878],[130.877,31.816],[130.885,31.805],[130.918,31.803],[130.93,31.786],[130.987,31.78],[130.978,31.759],[131.015,31.749],[131.013,31.713],[131.029,31.697],[131.024,31.674],[131.054,31.633],[131.079,31.66],[131.128,31.626],[131.17,31.633],[131.189,31.622],[131.185,31.61],[131.205,31.58],[131.195,31.552],[131.197,31.512],[131.172,31.502],[131.16,31.462],[131.243,31.426],[131.236,31.405],[131.263,31.38],[131.334,31.398],[131.365,31.421],[131.373,31.436],[131.363,31.472],[131.383,31.494],[131.381,31.553],[131.423,31.609],[131.462,31.633],[131.456,31.698],[131.468,31.721],[131.468,31.749],[131.489,31.785],[131.455,31.817],[131.458,31.89],[131.508,32.046]]]]}},{"type":"Feature","properties":{"code":"46","name":"鹿児島県","name_en":"Kagoshima"},"geometry":{"type":"MultiPolygon","coordinates":[[[[130.698,31.556],[130.707,31.541],[130.691,31.489],[130.699,31.462],[130.729,31.452],[130.803,31.337],[130.788,31.249],[130.753,31.203],[130.767,31.181],[130.744,31.131],[130.658,31.071],[130.678,31.062],[130.677,31.034],[130.657,31.007],[130.683,31.004],[130.716,31.042],[130.759,31.057],[130.798,31.084],[130.877,31.099],[130.963,31.138],[130.973,31.167],[131.003,31.19],[131.018,31.228],[131.066,31.228],[131.111,31.266],[131.076,31.28],[131.103,31.318],[131.099,31.332],[131.016,31.359],[131.021,31.395],[131.06,31.446],[131.095,31.457],[131.111,31.476],[131.16,31.462],[131.172,31.502],[131.197,31.512],[131.195,31.552],[131.205,31.58],[131.185,31.61],[131.189,31.622],[131.17,31.633],[131.128,31.626],[131.079,31.66],[131.054,31.633],[131.024,31.674],[131.029,31.697],[131.013,31.713],[131.015,31.749],[130.978,31.759],[130.987,31.78],[130.93,31.786],[130.918,31.803],[130.885,31.805],[130.877,31.816],[130.895,31.878],[130.914,31.886],[130.901,31.886],[130.861,31.934],[130.816,31.941],[130.784,31.979],[130.777,32.016],[130.736,32.048],[130.703,32.059],[130.704,32.077],[130.721,32.101],[130.655,32.136],[130.652,32.151],[130.623,32.156],[130.61,32.187],[130.592,32.186],[130.583,32.155],[130.558,32.154],[130.54,32.137],[130.492,32.134],[130.441,32.114],[130.403,32.12],[130.361,32.169],[130.352,32.136],[130.287,32.109],[130.233,32.128],[130.176,32.106],[130.172,32.078],[130.199,32.077],[130.203,32.038],[130.179,32.016],[130.179,32.001],[130.202,31.984],[130.224,31.911],[130.173,31.801],[130.18,31.779],[130.26,31.722],[130.316,31.659],[130.329,31.629],[130.334,31.563],[130.313,31.491],[130.271,31.427],[130.225,31.402],[130.187,31.41],[130.167,31.435],[130.135,31.417],[130.175,31.366],[130.191,31.367],[130.226,31.306],[130.203,31.296],[130.223,31.254],[130.262,31.256],[130.284,31.267],[130.369,31.252],[130.46,31.251],[130.509,31.213],[130.509,31.175],[130.53,31.163],[130.554,31.178],[130.586,31.161],[130.601,31.182],[130.626,31.181],[130.658,31.22],[130.65,31.245],[130.667,31.267],[130.621,31.277],[130.565,31.322],[130.518,31.438],[130.514,31.491],[130.531,31.484],[130.541,31.535],[130.559,31.546],[130.569,31.57],[130.563,31.597],[130.618,31.656],[130.614,31.697],[130.66,31.729],[130.686,31.735],[130.716,31.725],[130.73,31.71],[130.792,31.703],[130.823,31.66],[130.801,31.632],[130.787,31.586],[130.752,31.558],[130.707,31.557],[130.714,31.601],[130.692,31.625],[130.626,31.62],[130.592,31.581],[130.639,31.545],[130.698,31.556]]],[[[130.304,30.808],[130.265,30.779],[130.314,30.781],[130.304,30.808]]],[[[129.939,30.851],[129.905,30.831],[129.937,30.812],[129.965,30.83],[129.939,30.851]]],[[[131.033,30.588],[131.055,30.605],[131.05,30.647],[131.069,30.693],[131.072,30.768],[131.083,30.783],[131.055,30.839],[131.003,30.782],[131.003,30.751],[130.979,30.725],[130.942,30.648],[130.953,30.593],[130.915,30.52],[130.851,30.448],[130.866,30.417],[130.858,30.37],[130.883,30.344],[130.904,30.364],[130.937,30.375],[130.964,30.373],[130.978,30.403],[130.963,30.479],[130.999,30.548],[131.024,30.556],[131.033,30.588]]],[[[129.259,28.323],[129.213,28.303],[129.236,28.282],[129.199,28.262],[129.135,28.255],[129.195,28.228],[129.254,28.219],[129.266,28.232],[129.295,28.22],[129.289,28.19],[129.296,28.151],[129.326,28.135],[129.378,28.126],[129.355,28.156],[129.368,28.165],[129.402,28.156],[129.406,28.194],[129.454,28.2],[129.472,28.221],[129.426,28.242],[129.46,28.268],[129.462,28.297],[129.486,28.29],[129.538,28.306],[129.537,28.331],[129.571,28.345],[129.634,28.406],[129.666,28.399],[129.673,28.411],[129.709,28.421],[129.719,28.439],[129.717,28.471],[129.698,28.484],[129.677,28.527],[129.657,28.5],[129.657,28.481],[129.673,28.458],[129.643,28.432],[129.605,28.451],[129.595,28.475],[129.561,28.453],[129.541,28.46],[129.521,28.445],[129.508,28.399],[129.468,28.402],[129.45,28.382],[129.395,28.385],[129.367,28.355],[129.339,28.369],[129.314,28.336],[129.259,28.323]]],[[[130.498,30.469],[130.472,30.461],[130.419,30.396],[130.381,30.394],[130.377,30.376],[130.392,30.322],[130.405,30.313],[130.421,30.267],[130.443,30.237],[130.522,30.227],[130.586,30.24],[130.654,30.299],[130.672,30.372],[130.639,30.401],[130.543,30.447],[130.522,30.447],[130.498,30.469]]],[[[130.147,30.49],[130.21,30.425],[130.263,30.448],[130.235,30.47],[130.147,30.49]]],[[[129.173,28.069],[129.151,28.047],[129.144,28.023],[129.166,28.021],[129.173,28.069]]],[[[129.209,28.201],[129.185,28.174],[129.188,28.157],[129.216,28.135],[129.216,28.113],[129.229,28.089],[129.259,28.107],[129.261,28.078],[129.284,28.063],[129.292,28.091],[129.316,28.074],[129.34,28.076],[129.352,28.1],[129.341,28.114],[129.318,28.106],[129.271,28.115],[129.251,28.153],[129.21,28.167],[129.209,28.201]]],[[[130.257,32.306],[130.233,32.3],[130.214,32.28],[130.213,32.252],[130.269,32.283],[130.257,32.306]]],[[[130.174,32.229],[130.148,32.217],[130.106,32.214],[130.096,32.185],[130.117,32.15],[130.113,32.125],[130.157,32.09],[130.176,32.115],[130.179,32.137],[130.205,32.149],[130.184,32.179],[130.2,32.195],[130.174,32.229]]],[[[129.785,31.791],[129.789,31.769],[129.774,31.74],[129.706,31.723],[129.666,31.641],[129.697,31.623],[129.738,31.655],[129.725,31.671],[129.743,31.689],[129.748,31.717],[129.769,31.713],[129.796,31.768],[129.785,31.791]]],[[[129.852,31.883],[129.817,31.862],[129.853,31.852],[129.848,31.833],[129.874,31.809],[129.919,31.817],[129.911,31.843],[129.852,31.883]]],[[[129.74,29.672],[129.684,29.652],[129.698,29.603],[129.734,29.628],[129.74,29.672]]],[[[129.852,29.884],[129.834,29.86],[129.861,29.822],[129.879,29.817],[129.913,29.83],[129.895,29.844],[129.886,29.872],[129.852,29.884]]],[[[129.917,30.007],[129.901,29.974],[129.934,29.949],[129.947,29.96],[129.917,30.007]]],[[[130.019,28.379],[129.949,28.328],[129.923,28.324],[129.915,28.296],[129.938,28.278],[129.978,28.288],[130.003,28.332],[130.03,28.352],[130.019,28.379]]],[[[128.908,27.893],[128.889,27.877],[128.89,27.787],[128.903,27.753],[128.881,27.722],[128.917,27.696],[128.936,27.661],[128.982,27.668],[129.038,27.768],[128.966,27.824],[128.976,27.873],[128.97,27.893],[128.908,27.893]]],[[[128.578,27.401],[128.53,27.402],[128.52,27.373],[128.531,27.349],[128.568,27.33],[128.636,27.365],[128.677,27.414],[128.655,27.424],[128.635,27.409],[128.578,27.401]]],[[[128.432,27.068],[128.415,27.06],[128.412,27.028],[128.457,27.024],[128.455,27.048],[128.432,27.068]]]]}},{"type":"Feature","properties":{"code":"47","name":"沖縄県","name_en":"Okinawa"},"geometry":{"type":"MultiPolygon","coordinates":[[[[127.644,26.177],[127.669,26.152],[127.657,26.084],[127.68,26.075],[127.732,26.098],[127.762,26.126],[127.793,26.135],[127.83,26.165],[127.821,26.192],[127.776,26.189],[127.77,26.207],[127.798,26.265],[127.843,26.335],[127.863,26.344],[127.899,26.305],[127.916,26.322],[127.873,26.362],[127.871,26.388],[127.827,26.423],[127.869,26.458],[127.944,26.442],[127.947,26.465],[127.991,26.475],[127.998,26.51],[128.053,26.52],[128.036,26.548],[128.064,26.552],[128.091,26.536],[128.111,26.551],[128.14,26.556],[128.145,26.572],[128.129,26.593],[128.152,26.598],[128.159,26.631],[128.182,26.624],[128.239,26.632],[128.317,26.735],[128.326,26.782],[128.321,26.812],[128.29,26.846],[128.262,26.866],[128.231,26.797],[128.182,26.749],[128.155,26.74],[128.155,26.718],[128.118,26.703],[128.098,26.68],[128.103,26.664],[128.08,26.646],[128.025,26.627],[127.989,26.647],[128.006,26.688],[127.959,26.707],[127.88,26.704],[127.874,26.685],[127.889,26.672],[127.88,26.636],[127.9,26.606],[127.921,26.609],[127.983,26.585],[127.976,26.559],[127.919,26.518],[127.867,26.51],[127.84,26.496],[127.836,26.479],[127.787,26.435],[127.774,26.442],[127.742,26.422],[127.714,26.441],[127.713,26.411],[127.746,26.343],[127.757,26.295],[127.724,26.273],[127.707,26.273],[127.685,26.243],[127.669,26.246],[127.681,26.227],[127.649,26.217],[127.635,26.2],[127.644,26.177]]],[[[124.316,24.612],[124.275,24.505],[124.258,24.52],[124.229,24.498],[124.223,24.455],[124.193,24.458],[124.179,24.449],[124.123,24.474],[124.111,24.444],[124.081,24.449],[124.088,24.423],[124.121,24.435],[124.143,24.414],[124.137,24.385],[124.111,24.367],[124.17,24.33],[124.192,24.335],[124.203,24.355],[124.236,24.345],[124.25,24.359],[124.258,24.412],[124.251,24.463],[124.309,24.531],[124.304,24.547],[124.334,24.571],[124.338,24.605],[124.316,24.612]]],[[[123.007,24.474],[122.963,24.473],[122.94,24.444],[123.012,24.437],[123.039,24.463],[123.007,24.474]]],[[[127.938,26.956],[127.92,26.948],[127.921,26.919],[127.939,26.912],[127.957,26.935],[127.938,26.956]]],[[[126.776,26.391],[126.717,26.375],[126.717,26.353],[126.763,26.334],[126.781,26.305],[126.8,26.294],[126.805,26.324],[126.824,26.346],[126.776,26.391]]],[[[125.163,24.865],[125.155,24.837],[125.178,24.812],[125.205,24.804],[125.221,24.814],[125.212,24.844],[125.163,24.865]]],[[[125.267,24.915],[125.296,24.845],[125.277,24.837],[125.281,24.813],[125.256,24.794],[125.282,24.765],[125.254,24.753],[125.261,24.736],[125.309,24.712],[125.373,24.729],[125.45,24.726],[125.433,24.761],[125.403,24.766],[125.389,24.783],[125.352,24.79],[125.332,24.805],[125.332,24.824],[125.313,24.837],[125.298,24.877],[125.285,24.883],[125.267,24.915]]],[[[123.787,24.072],[123.754,24.063],[123.76,24.049],[123.795,24.046],[123.787,24.072]]],[[[123.782,24.437],[123.746,24.389],[123.753,24.353],[123.748,24.322],[123.728,24.334],[123.709,24.324],[123.683,24.331],[123.662,24.308],[123.68,24.283],[123.719,24.278],[123.723,24.3],[123.755,24.28],[123.833,24.272],[123.881,24.256],[123.91,24.319],[123.93,24.328],[123.939,24.366],[123.812,24.411],[123.782,24.437]]],[[[127.808,26.739],[127.76,26.738],[127.761,26.709],[127.811,26.707],[127.829,26.724],[127.808,26.739]]],[[[127.357,26.226],[127.339,26.182],[127.348,26.167],[127.374,26.202],[127.357,26.226]]],[[[131.241,25.872],[131.221,25.867],[131.213,25.823],[131.234,25.813],[131.257,25.818],[131.273,25.853],[131.241,25.872]]],[[[131.286,25.961],[131.305,25.928],[131.332,25.951],[131.286,25.961]]],[[[128.021,27.094],[127.996,27.089],[127.951,27.045],[127.965,27.035],[127.991,27.044],[128.001,27.075],[128.021,27.094]]],[[[124.711,24.677],[124.673,24.665],[124.675,24.643],[124.708,24.638],[124.726,24.65],[124.711,24.677]]]]}}]}